<?xml version = '1.0' encoding = 'UTF-8'?>
<Diagram class="oracle.dbtools.crest.swingui.logical.DPVLogical" name="Logical" id="6B8B23F3-2862-EFA1-8EA7-1FAD0E056AA6">
<createdBy>James Andrew Ure</createdBy>
<modifiedBy>James Andrew Ure</modifiedBy>
<createdTime>2020-05-09 06:53:14 UTC</createdTime>
<autoRoute>false</autoRoute>
<boxInbox>true</boxInbox>
<showLegend>true</showLegend>
<showLabels>true</showLabels>
<showRelAttributes>false</showRelAttributes>
<gridEnabled>false</gridEnabled>
<showGrid>false</showGrid>
<diagramColor>-1</diagramColor>
<display>false</display>
<notation>2</notation>
<showAllDetails>false</showAllDetails>
<showElements>true</showElements>
<objectViews>
<OView class="oracle.dbtools.crest.swingui.logical.TVEntity" oid="406C5DAB-BA27-CA9C-A3F0-3F95DD1C1071" otype="Entity" vid="1EF9C1B0-182F-58BC-CFC7-DC6A81C0B0EA">
<hideElementsInCurrentOnly>false</hideElementsInCurrentOnly>
<bounds x="541" y="450" width="170" height="116"/>
</OView>
<OView class="oracle.dbtools.crest.swingui.logical.TVEntity" oid="55FAFE55-2283-1C6F-4CE9-32D8219025AF" otype="Entity" vid="EC9B51F1-91E0-3E17-783A-C06656FE44B9">
<hideElementsInCurrentOnly>false</hideElementsInCurrentOnly>
<bounds x="267" y="401" width="170" height="186"/>
</OView>
<OView class="oracle.dbtools.crest.swingui.logical.TVEntity" oid="6B3132F1-7CE6-EE5B-8683-170061F251BE" otype="Entity" vid="C694FF8F-B049-71FE-0546-A630CFBA6CFB">
<hideElementsInCurrentOnly>false</hideElementsInCurrentOnly>
<bounds x="36" y="421" width="132" height="110"/>
</OView>
<OView class="oracle.dbtools.crest.swingui.logical.TVEntity" oid="7A19E87C-3363-3C9D-6F9F-CA2A5B3C3E10" otype="Entity" vid="3DCA4529-4B1D-0585-21A7-05323EE8EE2B">
<hideElementsInCurrentOnly>false</hideElementsInCurrentOnly>
<bounds x="297" y="171" width="132" height="148"/>
</OView>
<OView class="oracle.dbtools.crest.swingui.logical.TVEntity" oid="8CC0E3D8-020C-D29B-33E2-6CA37C017C1C" otype="Entity" vid="E9400DDE-3FC7-A7D8-0F2D-BDFDDBDECBC3">
<hideElementsInCurrentOnly>false</hideElementsInCurrentOnly>
<bounds x="552" y="190" width="147" height="136"/>
</OView>
<OView class="oracle.dbtools.crest.swingui.TVLegend" oid="9B6EE8C0-419A-4722-11B6-6E2C393C282B" otype="Legend" vid="DAF43FDC-5485-1135-D92B-C8833BCD70FC">
<hideElementsInCurrentOnly>false</hideElementsInCurrentOnly>
<bounds x="10" y="10" width="232" height="135"/>
</OView>
<OView class="oracle.dbtools.crest.swingui.logical.TVEntity" oid="A675CC25-A6B5-6034-117F-9D54920F3E15" otype="Entity" vid="34AAE9FB-A9BE-A75E-8396-4F4B372CC726">
<hideElementsInCurrentOnly>false</hideElementsInCurrentOnly>
<bounds x="784" y="210" width="170" height="59"/>
</OView>
<OView class="oracle.dbtools.crest.swingui.logical.TVEntity" oid="BBEEC921-42AA-ED5D-4B2C-859B348CE2CE" otype="Entity" vid="CE27C153-0417-3A22-7A0D-8E402767293D">
<hideElementsInCurrentOnly>false</hideElementsInCurrentOnly>
<bounds x="550" y="15" width="137" height="118"/>
</OView>
<OView class="oracle.dbtools.crest.swingui.logical.TVEntity" oid="DE006734-8584-AF5E-2868-78338E5F2363" otype="Entity" vid="6660DCB2-6218-D17F-FAF6-0F4BD0EB1AA9">
<hideElementsInCurrentOnly>false</hideElementsInCurrentOnly>
<bounds x="38" y="210" width="118" height="123"/>
</OView>
</objectViews>
<connectors>
<Connector class="oracle.dbtools.crest.swingui.logical.TVRelation" oid="1652432A-A367-E4B5-DD4E-D88B4E50C14A" otype="Relation" vid_source="34AAE9FB-A9BE-A75E-8396-4F4B372CC726" vid_target="34AAE9FB-A9BE-A75E-8396-4F4B372CC726">
<hideElementsInCurrentOnly>false</hideElementsInCurrentOnly>
<backgroundColor>-16777216</backgroundColor>
<lineWidth>1</lineWidth>
<sourceLabel class="oracle.dbtools.crest.model.design.Label">
<site>0</site>
<labelBounds x="979" y="229" width="49" height="30"/>
<noBackgroundColor>true</noBackgroundColor>
<noForegroundColor>true</noForegroundColor>
</sourceLabel>
<points>
<point x="954" y="244"/>
<point x="979" y="244"/>
<point x="979" y="294"/>
<point x="884" y="294"/>
<point x="884" y="269"/>
</points>
</Connector>
<Connector class="oracle.dbtools.crest.swingui.logical.TVRelation" oid="35F19EC2-BC9D-4ED8-93D8-0023BE81D765" otype="Relation" vid_source="6660DCB2-6218-D17F-FAF6-0F4BD0EB1AA9" vid_target="3DCA4529-4B1D-0585-21A7-05323EE8EE2B">
<hideElementsInCurrentOnly>false</hideElementsInCurrentOnly>
<backgroundColor>-16777216</backgroundColor>
<lineWidth>1</lineWidth>
<sourceLabel class="oracle.dbtools.crest.model.design.Label">
<site>0</site>
<labelBounds x="166" y="234" width="44" height="30"/>
<noBackgroundColor>true</noBackgroundColor>
<noForegroundColor>true</noForegroundColor>
</sourceLabel>
<points>
<point x="156" y="264"/>
<point x="297" y="264"/>
</points>
</Connector>
<Connector class="oracle.dbtools.crest.swingui.logical.TVRelation" oid="3D515DB9-3068-22CA-6412-DE29181D84D2" otype="Relation" vid_source="C694FF8F-B049-71FE-0546-A630CFBA6CFB" vid_target="6660DCB2-6218-D17F-FAF6-0F4BD0EB1AA9">
<hideElementsInCurrentOnly>false</hideElementsInCurrentOnly>
<backgroundColor>-16777216</backgroundColor>
<lineWidth>1</lineWidth>
<sourceLabel class="oracle.dbtools.crest.model.design.Label">
<site>0</site>
<labelBounds x="97" y="385" width="42" height="30"/>
<noBackgroundColor>true</noBackgroundColor>
<noForegroundColor>true</noForegroundColor>
</sourceLabel>
<points>
<point x="97" y="421"/>
<point x="97" y="333"/>
</points>
</Connector>
<Connector class="oracle.dbtools.crest.swingui.logical.TVRelation" oid="413CF278-037A-2058-64ED-DA46DDAAE738" otype="Relation" vid_source="34AAE9FB-A9BE-A75E-8396-4F4B372CC726" vid_target="E9400DDE-3FC7-A7D8-0F2D-BDFDDBDECBC3">
<hideElementsInCurrentOnly>false</hideElementsInCurrentOnly>
<backgroundColor>-16777216</backgroundColor>
<lineWidth>1</lineWidth>
<sourceLabel class="oracle.dbtools.crest.model.design.Label">
<site>0</site>
<labelBounds x="747" y="209" width="31" height="30"/>
<noBackgroundColor>true</noBackgroundColor>
<noForegroundColor>true</noForegroundColor>
</sourceLabel>
<points>
<point x="784" y="239"/>
<point x="699" y="239"/>
</points>
</Connector>
<Connector class="oracle.dbtools.crest.swingui.logical.TVRelation" oid="64E4B4DF-BEE2-121F-9077-36BF3024B8F2" otype="Relation" vid_source="3DCA4529-4B1D-0585-21A7-05323EE8EE2B" vid_target="E9400DDE-3FC7-A7D8-0F2D-BDFDDBDECBC3">
<hideElementsInCurrentOnly>false</hideElementsInCurrentOnly>
<backgroundColor>-16777216</backgroundColor>
<lineWidth>1</lineWidth>
<sourceLabel class="oracle.dbtools.crest.model.design.Label">
<site>0</site>
<labelBounds x="439" y="224" width="64" height="30"/>
<noBackgroundColor>true</noBackgroundColor>
<noForegroundColor>true</noForegroundColor>
</sourceLabel>
<points>
<point x="429" y="254"/>
<point x="552" y="254"/>
</points>
</Connector>
<Connector class="oracle.dbtools.crest.swingui.logical.TVRelation" oid="87515F89-BD9F-8A15-C29D-725A2300AB29" otype="Relation" vid_source="EC9B51F1-91E0-3E17-783A-C06656FE44B9" vid_target="3DCA4529-4B1D-0585-21A7-05323EE8EE2B">
<hideElementsInCurrentOnly>false</hideElementsInCurrentOnly>
<backgroundColor>-16777216</backgroundColor>
<lineWidth>1</lineWidth>
<sourceLabel class="oracle.dbtools.crest.model.design.Label">
<site>0</site>
<labelBounds x="363" y="365" width="58" height="30"/>
<noBackgroundColor>true</noBackgroundColor>
<noForegroundColor>true</noForegroundColor>
</sourceLabel>
<points>
<point x="363" y="401"/>
<point x="363" y="319"/>
</points>
</Connector>
<Connector class="oracle.dbtools.crest.swingui.logical.TVRelation" oid="9DF1D6D5-9261-9D5E-0225-DF7072FAAF90" otype="Relation" vid_source="1EF9C1B0-182F-58BC-CFC7-DC6A81C0B0EA" vid_target="EC9B51F1-91E0-3E17-783A-C06656FE44B9">
<hideElementsInCurrentOnly>false</hideElementsInCurrentOnly>
<backgroundColor>-16777216</backgroundColor>
<lineWidth>1</lineWidth>
<sourceLabel class="oracle.dbtools.crest.model.design.Label">
<site>0</site>
<labelBounds x="483" y="478" width="52" height="30"/>
<noBackgroundColor>true</noBackgroundColor>
<noForegroundColor>true</noForegroundColor>
</sourceLabel>
<points>
<point x="541" y="508"/>
<point x="437" y="508"/>
</points>
</Connector>
<Connector class="oracle.dbtools.crest.swingui.logical.TVRelation" oid="B00EA53A-6C6D-5B91-ADA7-86096E44277F" otype="Relation" vid_source="E9400DDE-3FC7-A7D8-0F2D-BDFDDBDECBC3" vid_target="1EF9C1B0-182F-58BC-CFC7-DC6A81C0B0EA">
<hideElementsInCurrentOnly>false</hideElementsInCurrentOnly>
<backgroundColor>-16777216</backgroundColor>
<lineWidth>1</lineWidth>
<sourceLabel class="oracle.dbtools.crest.model.design.Label">
<site>0</site>
<labelBounds x="625" y="378" width="41" height="30"/>
<noBackgroundColor>true</noBackgroundColor>
<noForegroundColor>true</noForegroundColor>
</sourceLabel>
<points>
<point x="625" y="326"/>
<point x="625" y="450"/>
</points>
</Connector>
<Connector class="oracle.dbtools.crest.swingui.logical.TVRelation" oid="D7C63244-080A-AE16-606F-E74BAF600022" otype="Relation" vid_source="E9400DDE-3FC7-A7D8-0F2D-BDFDDBDECBC3" vid_target="CE27C153-0417-3A22-7A0D-8E402767293D">
<hideElementsInCurrentOnly>false</hideElementsInCurrentOnly>
<backgroundColor>-16777216</backgroundColor>
<lineWidth>1</lineWidth>
<sourceLabel class="oracle.dbtools.crest.model.design.Label">
<site>0</site>
<labelBounds x="619" y="130" width="58" height="30"/>
<noBackgroundColor>true</noBackgroundColor>
<noForegroundColor>true</noForegroundColor>
</sourceLabel>
<points>
<point x="619" y="190"/>
<point x="619" y="133"/>
</points>
</Connector>
</connectors>
</Diagram>
