<?xml version = '1.0' encoding = 'UTF-8'?>
<Table class="oracle.dbtools.crest.model.design.relational.Table" directorySegmentName="seg_0" id="3A116817-4C45-A0B2-3C5D-F8D7C49120F8" name="STYLE">
<createdBy>jure0001</createdBy>
<createdTime>2020-05-11 23:51:17 UTC</createdTime>
<generatorID>A675CC25-A6B5-6034-117F-9D54920F3E15</generatorID>
<ownerDesignName>mau_oraclemodel</ownerDesignName>
<allowColumnReorder>false</allowColumnReorder>
<existDependencyGenerateInDDl>true</existDependencyGenerateInDDl>
<parsed>true</parsed>
<columns itemClass="oracle.dbtools.crest.model.design.relational.Column">
<Column name="assigned_style" id="2992BC51-B8B6-9C6A-29CE-16E71CDED9B3">
<createdBy>jure0001</createdBy>
<createdTime>2020-05-11 23:51:17 UTC</createdTime>
<commentInRDBMS><![CDATA[Style to be assigned to the artwork - Primary key]]></commentInRDBMS>
<generatorID>99F6DEF5-147D-9127-30B0-1EC88D0C8F73</generatorID>
<ownerDesignName>mau_oraclemodel</ownerDesignName>
<useDomainConstraints>false</useDomainConstraints>
<use>1</use>
<logicalDatatype>LOGDT024</logicalDatatype>
<dataTypeSize>30</dataTypeSize>
<ownDataTypeParameters>30,,</ownDataTypeParameters>
<autoIncrementCycle>false</autoIncrementCycle>
</Column>
<Column name="parent_style" id="43001D9C-0BF8-F636-02BA-43EA2200B21A">
<createdBy>jure0001</createdBy>
<createdTime>2020-05-11 23:51:17 UTC</createdTime>
<commentInRDBMS><![CDATA[Style to be assigned to the artwork - Primary key]]></commentInRDBMS>
<generatorID>EC4D40FE-434F-80D8-E280-C32727C8F2C8</generatorID>
<ownerDesignName>mau_oraclemodel</ownerDesignName>
<useDomainConstraints>false</useDomainConstraints>
<use>1</use>
<logicalDatatype>LOGDT024</logicalDatatype>
<dataTypeSize>30</dataTypeSize>
<ownDataTypeParameters>,,</ownDataTypeParameters>
<previousColumn>false</previousColumn>
<autoIncrementCycle>false</autoIncrementCycle>
<associations>
<colAssociation fkAssociation="2910D7AD-B194-3C80-20E5-A2B84A7BBB9F" referredColumn="2992BC51-B8B6-9C6A-29CE-16E71CDED9B3"/>
</associations>
</Column>
</columns>
<indexes itemClass="oracle.dbtools.crest.model.design.relational.Index">
<ind_PK_UK id="0EF060FF-CAFE-5262-D007-16969C364077" name="STYLE_PK">
<createdBy>jure0001</createdBy>
<createdTime>2020-05-11 23:51:17 UTC</createdTime>
<generatorID>CA318BE3-E2AB-D864-906B-9C9A585D7D1C</generatorID>
<ownerDesignName>mau_oraclemodel</ownerDesignName>
<pk>true</pk>
<indexState>Primary Constraint</indexState>
<isSurrogateKey>false</isSurrogateKey>
<indexColumnUsage>
<colUsage columnID="2992BC51-B8B6-9C6A-29CE-16E71CDED9B3"/>
</indexColumnUsage>
</ind_PK_UK>
<ind_PK_UK id="4986270B-8734-D936-5D79-8AC16DB4486E" name="CHILD_PARENT_STYLE">
<createdBy>jure0001</createdBy>
<createdTime>2020-05-11 23:51:17 UTC</createdTime>
<generatorID>1652432A-A367-E4B5-DD4E-D88B4E50C14A</generatorID>
<ownerDesignName>mau_oraclemodel</ownerDesignName>
<indexState>Foreign Key</indexState>
<isSurrogateKey>false</isSurrogateKey>
<indexColumnUsage>
<colUsage columnID="43001D9C-0BF8-F636-02BA-43EA2200B21A"/>
</indexColumnUsage>
</ind_PK_UK>
</indexes>
</Table>
