<?xml version = '1.0' encoding = 'UTF-8'?>
<Table class="oracle.dbtools.crest.model.design.relational.Table" directorySegmentName="seg_0" id="45F3E158-667C-3E29-D21A-2582953C2293" name="SALE">
<createdBy>jure0001</createdBy>
<createdTime>2020-05-11 23:51:17 UTC</createdTime>
<generatorID>DE006734-8584-AF5E-2868-78338E5F2363</generatorID>
<ownerDesignName>mau_oraclemodel</ownerDesignName>
<allowColumnReorder>false</allowColumnReorder>
<existDependencyGenerateInDDl>true</existDependencyGenerateInDDl>
<parsed>true</parsed>
<columns itemClass="oracle.dbtools.crest.model.design.relational.Column">
<Column name="sale_id" id="61901804-F778-2D0B-F3B5-04743B54B0AD">
<createdBy>jure0001</createdBy>
<createdTime>2020-05-11 23:51:17 UTC</createdTime>
<commentInRDBMS><![CDATA[Primary key of the sale]]></commentInRDBMS>
<generatorID>1ED2EE42-E6EB-A53E-BE5F-707CD6E55CC0</generatorID>
<ownerDesignName>mau_oraclemodel</ownerDesignName>
<useDomainConstraints>false</useDomainConstraints>
<use>1</use>
<logicalDatatype>LOGDT019</logicalDatatype>
<dataTypePrecision>7</dataTypePrecision>
<ownDataTypeParameters>,7,</ownDataTypeParameters>
<autoIncrementCycle>false</autoIncrementCycle>
</Column>
<Column name="sale_date" id="92E8444F-F039-120F-4AA3-6E491786EEF9">
<createdBy>jure0001</createdBy>
<createdTime>2020-05-11 23:51:17 UTC</createdTime>
<commentInRDBMS><![CDATA[Date of sale]]></commentInRDBMS>
<generatorID>E5CB57ED-3E77-7C9E-372D-F7B6553A0F24</generatorID>
<ownerDesignName>mau_oraclemodel</ownerDesignName>
<nullsAllowed>true</nullsAllowed>
<useDomainConstraints>false</useDomainConstraints>
<use>1</use>
<logicalDatatype>LOGDT007</logicalDatatype>
<ownDataTypeParameters>,,</ownDataTypeParameters>
<autoIncrementCycle>false</autoIncrementCycle>
</Column>
<Column name="sale_price" id="41BB8F4E-A471-2115-6598-C6EC25D68CDE">
<createdBy>jure0001</createdBy>
<createdTime>2020-05-11 23:51:17 UTC</createdTime>
<commentInRDBMS><![CDATA[Price the artwork was sold for]]></commentInRDBMS>
<generatorID>D533ECDB-3439-753F-DB01-B34CC45EDBEB</generatorID>
<ownerDesignName>mau_oraclemodel</ownerDesignName>
<nullsAllowed>true</nullsAllowed>
<useDomainConstraints>false</useDomainConstraints>
<use>1</use>
<logicalDatatype>LOGDT019</logicalDatatype>
<dataTypePrecision>10</dataTypePrecision>
<dataTypeScale>2</dataTypeScale>
<ownDataTypeParameters>,10,2</ownDataTypeParameters>
<autoIncrementCycle>false</autoIncrementCycle>
</Column>
<Column name="exhibition_id" id="339F9E23-297C-D74B-8C0C-870BF651C605">
<createdBy>jure0001</createdBy>
<createdTime>2020-05-11 23:51:17 UTC</createdTime>
<commentInRDBMS><![CDATA[Surrogate key]]></commentInRDBMS>
<generatorID>A3EA9612-93D5-8080-23ED-25265C3940E0</generatorID>
<ownerDesignName>mau_oraclemodel</ownerDesignName>
<useDomainConstraints>false</useDomainConstraints>
<use>1</use>
<logicalDatatype>LOGDT019</logicalDatatype>
<dataTypePrecision>7</dataTypePrecision>
<ownDataTypeParameters>,,</ownDataTypeParameters>
<previousColumn>false</previousColumn>
<autoIncrementCycle>false</autoIncrementCycle>
<associations>
<colAssociation fkAssociation="3D61FEB3-BB00-62D0-7992-4B99A87E453E" referredColumn="3CF78F0B-421D-8CDC-E943-6CD7CA1D4F67"/>
</associations>
</Column>
<Column name="cust_ID" id="7BD92A0D-7F9A-F9F1-E49D-9F73DD2A5A15">
<createdBy>jure0001</createdBy>
<createdTime>2020-05-11 23:51:17 UTC</createdTime>
<commentInRDBMS><![CDATA[Primary key of the customer]]></commentInRDBMS>
<generatorID>EA5F6B1D-A530-F1A7-F3AC-F5589329DDE0</generatorID>
<ownerDesignName>mau_oraclemodel</ownerDesignName>
<useDomainConstraints>false</useDomainConstraints>
<use>1</use>
<logicalDatatype>LOGDT019</logicalDatatype>
<dataTypePrecision>7</dataTypePrecision>
<ownDataTypeParameters>,,</ownDataTypeParameters>
<previousColumn>false</previousColumn>
<autoIncrementCycle>false</autoIncrementCycle>
<associations>
<colAssociation fkAssociation="7157B023-B8E9-29A1-91DC-14B48B4D20E2" referredColumn="3C49552C-BADC-A254-1667-E6CD59664375"/>
</associations>
</Column>
</columns>
<indexes itemClass="oracle.dbtools.crest.model.design.relational.Index">
<ind_PK_UK id="A82C96AF-F892-B604-CA7B-886FF1CED4EE" name="SALE_PK">
<createdBy>jure0001</createdBy>
<createdTime>2020-05-11 23:51:17 UTC</createdTime>
<generatorID>BCFEC6AE-E6BD-E71F-8738-FA7E5D32E953</generatorID>
<ownerDesignName>mau_oraclemodel</ownerDesignName>
<pk>true</pk>
<indexState>Primary Constraint</indexState>
<isSurrogateKey>false</isSurrogateKey>
<indexColumnUsage>
<colUsage columnID="61901804-F778-2D0B-F3B5-04743B54B0AD"/>
</indexColumnUsage>
</ind_PK_UK>
<ind_PK_UK id="E436F447-8BA2-756B-924B-8CE6E83EE0D9" name="SALE__IDX">
<createdBy>jure0001</createdBy>
<createdTime>2020-05-11 23:51:17 UTC</createdTime>
<ownerDesignName>mau_oraclemodel</ownerDesignName>
<indexState>Unique Plain Index</indexState>
<isSurrogateKey>false</isSurrogateKey>
<relationGeneratorID>35F19EC2-BC9D-4ED8-93D8-0023BE81D765</relationGeneratorID>
<indexColumnUsage>
<colUsage columnID="339F9E23-297C-D74B-8C0C-870BF651C605"/>
</indexColumnUsage>
</ind_PK_UK>
<ind_PK_UK id="5184803F-A5D8-E485-6AD9-F6C362A7F062" name="CUSTOMER_SALE">
<createdBy>jure0001</createdBy>
<createdTime>2020-05-11 23:51:17 UTC</createdTime>
<generatorID>3D515DB9-3068-22CA-6412-DE29181D84D2</generatorID>
<ownerDesignName>mau_oraclemodel</ownerDesignName>
<indexState>Foreign Key</indexState>
<isSurrogateKey>false</isSurrogateKey>
<indexColumnUsage>
<colUsage columnID="7BD92A0D-7F9A-F9F1-E49D-9F73DD2A5A15"/>
</indexColumnUsage>
</ind_PK_UK>
<ind_PK_UK id="9939BC8F-EF00-5DC2-7F96-5252E960259B" name="EXHIBITION_SALE">
<createdBy>jure0001</createdBy>
<createdTime>2020-05-11 23:51:17 UTC</createdTime>
<generatorID>35F19EC2-BC9D-4ED8-93D8-0023BE81D765</generatorID>
<ownerDesignName>mau_oraclemodel</ownerDesignName>
<indexState>Foreign Key</indexState>
<isSurrogateKey>false</isSurrogateKey>
<indexColumnUsage>
<colUsage columnID="339F9E23-297C-D74B-8C0C-870BF651C605"/>
</indexColumnUsage>
</ind_PK_UK>
</indexes>
</Table>
