<?xml version = '1.0' encoding = 'UTF-8'?>
<Table class="oracle.dbtools.crest.model.design.relational.Table" directorySegmentName="seg_0" id="5AC6B2E1-2D4C-48B6-6E5F-A16F5D0A6FEA" name="ART">
<createdBy>jure0001</createdBy>
<createdTime>2020-05-11 23:51:17 UTC</createdTime>
<generatorID>8CC0E3D8-020C-D29B-33E2-6CA37C017C1C</generatorID>
<ownerDesignName>mau_oraclemodel</ownerDesignName>
<allowColumnReorder>false</allowColumnReorder>
<existDependencyGenerateInDDl>true</existDependencyGenerateInDDl>
<parsed>true</parsed>
<columns itemClass="oracle.dbtools.crest.model.design.relational.Column">
<Column name="art_no" id="3E435848-FBF2-ED95-E436-BAF47240CFEC">
<createdBy>jure0001</createdBy>
<createdTime>2020-05-11 23:51:17 UTC</createdTime>
<commentInRDBMS><![CDATA[Art number for each artist, primary key]]></commentInRDBMS>
<generatorID>FE5361B4-856A-79D9-240C-9730561528A2</generatorID>
<ownerDesignName>mau_oraclemodel</ownerDesignName>
<useDomainConstraints>false</useDomainConstraints>
<use>1</use>
<logicalDatatype>LOGDT019</logicalDatatype>
<dataTypePrecision>7</dataTypePrecision>
<ownDataTypeParameters>,7,</ownDataTypeParameters>
<autoIncrementCycle>false</autoIncrementCycle>
</Column>
<Column name="artist_code" id="C0BC3C75-5036-68CF-F5D5-C9709226F37B">
<createdBy>jure0001</createdBy>
<createdTime>2020-05-11 23:51:17 UTC</createdTime>
<commentInRDBMS><![CDATA[Primary key of the artist (identifier)]]></commentInRDBMS>
<generatorID>9D1F6A10-FB1C-EFB4-BD25-BEC149EAE2CE</generatorID>
<ownerDesignName>mau_oraclemodel</ownerDesignName>
<useDomainConstraints>false</useDomainConstraints>
<use>1</use>
<logicalDatatype>LOGDT019</logicalDatatype>
<dataTypePrecision>7</dataTypePrecision>
<ownDataTypeParameters>,,</ownDataTypeParameters>
<previousColumn>false</previousColumn>
<autoIncrementCycle>false</autoIncrementCycle>
<associations>
<colAssociation fkAssociation="EA3B07E6-EE48-547E-C335-2DD753A6F752" referredColumn="42C76A45-1000-55F8-CB36-3F4A7FD7B7AF"/>
</associations>
</Column>
<Column name="art_title" id="CDF96B7F-B778-FBFB-A025-69A08C159B18">
<createdBy>jure0001</createdBy>
<createdTime>2020-05-11 23:51:17 UTC</createdTime>
<commentInRDBMS><![CDATA[Title of the artwork]]></commentInRDBMS>
<generatorID>FE971A1B-D735-E807-8B64-213A9D6C2827</generatorID>
<ownerDesignName>mau_oraclemodel</ownerDesignName>
<useDomainConstraints>false</useDomainConstraints>
<use>1</use>
<logicalDatatype>LOGDT025</logicalDatatype>
<dataTypeSize>3</dataTypeSize>
<ownDataTypeParameters>3,,</ownDataTypeParameters>
<autoIncrementCycle>false</autoIncrementCycle>
</Column>
<Column name="date_added" id="0E05455C-749D-36FE-69F9-89AA0B24DC9E">
<createdBy>jure0001</createdBy>
<createdTime>2020-05-11 23:51:17 UTC</createdTime>
<commentInRDBMS><![CDATA[Date the artwork was accepted into the MAU]]></commentInRDBMS>
<generatorID>DC74DC4C-4376-0288-9C40-AC3E4F2B8B1A</generatorID>
<ownerDesignName>mau_oraclemodel</ownerDesignName>
<useDomainConstraints>false</useDomainConstraints>
<use>1</use>
<logicalDatatype>LOGDT007</logicalDatatype>
<ownDataTypeParameters>,,</ownDataTypeParameters>
<autoIncrementCycle>false</autoIncrementCycle>
</Column>
<Column name="min_price" id="FB5F9AF8-8C75-30CA-349B-EEB044ADA9FD">
<createdBy>jure0001</createdBy>
<createdTime>2020-05-11 23:51:17 UTC</createdTime>
<commentInRDBMS><![CDATA[Minimum price of the artwork]]></commentInRDBMS>
<generatorID>BB8B338A-919F-DB36-C684-4B42B820E88A</generatorID>
<ownerDesignName>mau_oraclemodel</ownerDesignName>
<nullsAllowed>true</nullsAllowed>
<useDomainConstraints>false</useDomainConstraints>
<use>1</use>
<logicalDatatype>LOGDT019</logicalDatatype>
<dataTypePrecision>10</dataTypePrecision>
<dataTypeScale>2</dataTypeScale>
<ownDataTypeParameters>,10,2</ownDataTypeParameters>
<autoIncrementCycle>false</autoIncrementCycle>
</Column>
<Column name="media_desc" id="33DB3C7F-7ECB-83A8-5D48-AD07082FFC72">
<createdBy>jure0001</createdBy>
<createdTime>2020-05-11 23:51:17 UTC</createdTime>
<commentInRDBMS><![CDATA[Media description of the artwork]]></commentInRDBMS>
<generatorID>2218F537-6242-CDE3-36BE-CC90F69404C4</generatorID>
<ownerDesignName>mau_oraclemodel</ownerDesignName>
<nullsAllowed>true</nullsAllowed>
<useDomainConstraints>false</useDomainConstraints>
<use>1</use>
<logicalDatatype>LOGDT024</logicalDatatype>
<dataTypeSize>150</dataTypeSize>
<ownDataTypeParameters>150,,</ownDataTypeParameters>
<autoIncrementCycle>false</autoIncrementCycle>
</Column>
<Column name="assigned_style" id="387E05C6-2AE7-D918-63FC-2F74C70CF8B1">
<createdBy>jure0001</createdBy>
<createdTime>2020-05-11 23:51:17 UTC</createdTime>
<commentInRDBMS><![CDATA[Style to be assigned to the artwork - Primary key]]></commentInRDBMS>
<generatorID>8160FFB2-7627-B170-F1C3-5C5179C8DDB6</generatorID>
<ownerDesignName>mau_oraclemodel</ownerDesignName>
<useDomainConstraints>false</useDomainConstraints>
<use>1</use>
<logicalDatatype>LOGDT024</logicalDatatype>
<dataTypeSize>30</dataTypeSize>
<ownDataTypeParameters>,,</ownDataTypeParameters>
<previousColumn>false</previousColumn>
<autoIncrementCycle>false</autoIncrementCycle>
<associations>
<colAssociation fkAssociation="6E9EF0AF-064C-EB28-CCEE-040C4F86FB95" referredColumn="2992BC51-B8B6-9C6A-29CE-16E71CDED9B3"/>
</associations>
</Column>
</columns>
<indexes itemClass="oracle.dbtools.crest.model.design.relational.Index">
<ind_PK_UK id="CA74FC10-421E-4F21-4256-F340297201D3" name="ART_PK">
<createdBy>jure0001</createdBy>
<createdTime>2020-05-11 23:51:17 UTC</createdTime>
<generatorID>2F7769FC-DED9-40A2-77DD-7E226B2D0B6D</generatorID>
<ownerDesignName>mau_oraclemodel</ownerDesignName>
<pk>true</pk>
<indexState>Primary Constraint</indexState>
<isSurrogateKey>false</isSurrogateKey>
<indexColumnUsage>
<colUsage columnID="3E435848-FBF2-ED95-E436-BAF47240CFEC"/>
<colUsage columnID="C0BC3C75-5036-68CF-F5D5-C9709226F37B"/>
</indexColumnUsage>
</ind_PK_UK>
<ind_PK_UK id="91223C31-99F5-82F2-B2D4-B086D4CC4CF9" name="ART_STYLE">
<createdBy>jure0001</createdBy>
<createdTime>2020-05-11 23:51:17 UTC</createdTime>
<generatorID>413CF278-037A-2058-64ED-DA46DDAAE738</generatorID>
<ownerDesignName>mau_oraclemodel</ownerDesignName>
<indexState>Foreign Key</indexState>
<isSurrogateKey>false</isSurrogateKey>
<indexColumnUsage>
<colUsage columnID="387E05C6-2AE7-D918-63FC-2F74C70CF8B1"/>
</indexColumnUsage>
</ind_PK_UK>
<ind_PK_UK id="57F04FCF-475B-5ECC-239F-E5E33D4EABBE" name="ARTIST_ART">
<createdBy>jure0001</createdBy>
<createdTime>2020-05-11 23:51:17 UTC</createdTime>
<generatorID>D7C63244-080A-AE16-606F-E74BAF600022</generatorID>
<ownerDesignName>mau_oraclemodel</ownerDesignName>
<indexState>Foreign Key</indexState>
<isSurrogateKey>false</isSurrogateKey>
<indexColumnUsage>
<colUsage columnID="C0BC3C75-5036-68CF-F5D5-C9709226F37B"/>
</indexColumnUsage>
</ind_PK_UK>
</indexes>
</Table>
