<?xml version = '1.0' encoding = 'UTF-8'?>
<Table class="oracle.dbtools.crest.model.design.relational.Table" directorySegmentName="seg_0" id="5F83AE51-AC9D-A6D6-56D3-123AD3EAA516" name="ARTIST">
<createdBy>jure0001</createdBy>
<createdTime>2020-05-11 23:51:17 UTC</createdTime>
<generatorID>BBEEC921-42AA-ED5D-4B2C-859B348CE2CE</generatorID>
<ownerDesignName>mau_oraclemodel</ownerDesignName>
<allowColumnReorder>false</allowColumnReorder>
<existDependencyGenerateInDDl>true</existDependencyGenerateInDDl>
<parsed>true</parsed>
<columns itemClass="oracle.dbtools.crest.model.design.relational.Column">
<Column name="artist_code" id="42C76A45-1000-55F8-CB36-3F4A7FD7B7AF">
<createdBy>jure0001</createdBy>
<createdTime>2020-05-11 23:51:17 UTC</createdTime>
<commentInRDBMS><![CDATA[Primary key of the artist (identifier)]]></commentInRDBMS>
<generatorID>94E90D9F-0F82-66AE-4B0E-2712B8187297</generatorID>
<ownerDesignName>mau_oraclemodel</ownerDesignName>
<useDomainConstraints>false</useDomainConstraints>
<use>1</use>
<logicalDatatype>LOGDT019</logicalDatatype>
<dataTypePrecision>7</dataTypePrecision>
<ownDataTypeParameters>,7,</ownDataTypeParameters>
<autoIncrementCycle>false</autoIncrementCycle>
</Column>
<Column name="artist_name" id="276D9411-9B9A-1215-B4E9-E6C1489829F2">
<createdBy>jure0001</createdBy>
<createdTime>2020-05-11 23:51:17 UTC</createdTime>
<commentInRDBMS><![CDATA[name of the artist]]></commentInRDBMS>
<generatorID>97AC8CC5-8C5A-8F17-18F1-BE672F8E64CC</generatorID>
<ownerDesignName>mau_oraclemodel</ownerDesignName>
<useDomainConstraints>false</useDomainConstraints>
<use>1</use>
<logicalDatatype>LOGDT024</logicalDatatype>
<dataTypeSize>50</dataTypeSize>
<ownDataTypeParameters>50,,</ownDataTypeParameters>
<autoIncrementCycle>false</autoIncrementCycle>
</Column>
<Column name="contact_address" id="5C18FE26-9341-C76A-1106-CC27D2E1B951">
<createdBy>jure0001</createdBy>
<createdTime>2020-05-11 23:51:17 UTC</createdTime>
<commentInRDBMS><![CDATA[address to contact artist]]></commentInRDBMS>
<generatorID>7CEEB0E5-1180-A5EC-98D5-78367E24860E</generatorID>
<ownerDesignName>mau_oraclemodel</ownerDesignName>
<useDomainConstraints>false</useDomainConstraints>
<use>1</use>
<logicalDatatype>LOGDT024</logicalDatatype>
<dataTypeSize>80</dataTypeSize>
<ownDataTypeParameters>80,,</ownDataTypeParameters>
<autoIncrementCycle>false</autoIncrementCycle>
</Column>
<Column name="artist_phone" id="5E4C1733-8FC9-C9A5-248C-B0148D6DF715">
<createdBy>jure0001</createdBy>
<createdTime>2020-05-11 23:51:17 UTC</createdTime>
<commentInRDBMS><![CDATA[phone number of artist]]></commentInRDBMS>
<generatorID>D5035D83-C49B-0BB8-289C-CCFF92DAF6B1</generatorID>
<ownerDesignName>mau_oraclemodel</ownerDesignName>
<useDomainConstraints>false</useDomainConstraints>
<use>1</use>
<logicalDatatype>LOGDT025</logicalDatatype>
<dataTypeSize>10</dataTypeSize>
<ownDataTypeParameters>10,,</ownDataTypeParameters>
<autoIncrementCycle>false</autoIncrementCycle>
</Column>
<Column name="stock_on_hand" id="F8375E77-6BEE-447D-7B81-237971410E50">
<createdBy>jure0001</createdBy>
<createdTime>2020-05-11 23:51:17 UTC</createdTime>
<commentInRDBMS><![CDATA[number of art stock artist has]]></commentInRDBMS>
<generatorID>2A30D1E8-7332-B662-0B56-BC0446CE4DE2</generatorID>
<ownerDesignName>mau_oraclemodel</ownerDesignName>
<useDomainConstraints>false</useDomainConstraints>
<use>1</use>
<logicalDatatype>LOGDT019</logicalDatatype>
<dataTypePrecision>4</dataTypePrecision>
<ownDataTypeParameters>,4,</ownDataTypeParameters>
<autoIncrementCycle>false</autoIncrementCycle>
</Column>
</columns>
<indexes itemClass="oracle.dbtools.crest.model.design.relational.Index">
<ind_PK_UK id="AFFB8956-8FA6-3D91-2529-F47B24AFE5BD" name="ARTIST_PK">
<createdBy>jure0001</createdBy>
<createdTime>2020-05-11 23:51:17 UTC</createdTime>
<generatorID>A7B4B0F5-0644-54B6-FD96-61421AD929B6</generatorID>
<ownerDesignName>mau_oraclemodel</ownerDesignName>
<pk>true</pk>
<indexState>Primary Constraint</indexState>
<isSurrogateKey>false</isSurrogateKey>
<indexColumnUsage>
<colUsage columnID="42C76A45-1000-55F8-CB36-3F4A7FD7B7AF"/>
</indexColumnUsage>
</ind_PK_UK>
</indexes>
</Table>
