<?xml version = '1.0' encoding = 'UTF-8'?>
<Table class="oracle.dbtools.crest.model.design.relational.Table" directorySegmentName="seg_0" id="CC810737-34FB-AF8A-C260-EFB4B1BA3F6B" name="STATUS">
<createdBy>jure0001</createdBy>
<createdTime>2020-05-11 23:51:17 UTC</createdTime>
<generatorID>406C5DAB-BA27-CA9C-A3F0-3F95DD1C1071</generatorID>
<ownerDesignName>mau_oraclemodel</ownerDesignName>
<allowColumnReorder>false</allowColumnReorder>
<existDependencyGenerateInDDl>true</existDependencyGenerateInDDl>
<parsed>true</parsed>
<columns itemClass="oracle.dbtools.crest.model.design.relational.Column">
<Column name="date" id="036C5523-8DB6-DA90-573B-DFBE52581262">
<createdBy>jure0001</createdBy>
<createdTime>2020-05-11 23:51:17 UTC</createdTime>
<commentInRDBMS><![CDATA[Natural key - date the status was issued]]></commentInRDBMS>
<generatorID>5579B8AC-ABF2-4832-4E4E-F42B6BEB9CC0</generatorID>
<ownerDesignName>mau_oraclemodel</ownerDesignName>
<useDomainConstraints>false</useDomainConstraints>
<use>1</use>
<logicalDatatype>LOGDT007</logicalDatatype>
<ownDataTypeParameters>,,</ownDataTypeParameters>
<autoIncrementCycle>false</autoIncrementCycle>
</Column>
<Column name="art_status" id="DA019C43-AA22-4935-E077-65DB7705F8FC">
<createdBy>jure0001</createdBy>
<createdTime>2020-05-11 23:51:17 UTC</createdTime>
<commentInRDBMS><![CDATA[Natural key - status description of the art]]></commentInRDBMS>
<generatorID>D0E39D1A-4DFC-E526-C721-280F6906A5ED</generatorID>
<ownerDesignName>mau_oraclemodel</ownerDesignName>
<useDomainConstraints>false</useDomainConstraints>
<use>1</use>
<logicalDatatype>LOGDT024</logicalDatatype>
<dataTypeSize>150</dataTypeSize>
<ownDataTypeParameters>150,,</ownDataTypeParameters>
<autoIncrementCycle>false</autoIncrementCycle>
</Column>
<Column name="art_no" id="1E830AC4-20D4-ACDB-BC59-182E4BB16E66">
<createdBy>jure0001</createdBy>
<createdTime>2020-05-11 23:51:17 UTC</createdTime>
<commentInRDBMS><![CDATA[Art number for each artist, primary key]]></commentInRDBMS>
<generatorID>830E896A-B757-371B-A382-57143483DA5A</generatorID>
<ownerDesignName>mau_oraclemodel</ownerDesignName>
<useDomainConstraints>false</useDomainConstraints>
<use>1</use>
<logicalDatatype>LOGDT019</logicalDatatype>
<dataTypePrecision>7</dataTypePrecision>
<ownDataTypeParameters>,,</ownDataTypeParameters>
<previousColumn>false</previousColumn>
<autoIncrementCycle>false</autoIncrementCycle>
<associations>
<colAssociation fkAssociation="B5996FA6-EB99-A90F-B9C5-49B79850E0EA" referredColumn="3E435848-FBF2-ED95-E436-BAF47240CFEC"/>
</associations>
</Column>
<Column name="artist_code" id="2AD208DA-D34B-607E-1F7A-640CD5F0EC18">
<createdBy>jure0001</createdBy>
<createdTime>2020-05-11 23:51:17 UTC</createdTime>
<commentInRDBMS><![CDATA[Primary key of the artist (identifier)]]></commentInRDBMS>
<generatorID>872D8786-6725-1DFC-EC8F-F7E7585B94BF</generatorID>
<ownerDesignName>mau_oraclemodel</ownerDesignName>
<useDomainConstraints>false</useDomainConstraints>
<use>1</use>
<logicalDatatype>LOGDT019</logicalDatatype>
<dataTypePrecision>7</dataTypePrecision>
<ownDataTypeParameters>,,</ownDataTypeParameters>
<previousColumn>false</previousColumn>
<autoIncrementCycle>false</autoIncrementCycle>
<associations>
<colAssociation fkAssociation="B5996FA6-EB99-A90F-B9C5-49B79850E0EA" referredColumn="C0BC3C75-5036-68CF-F5D5-C9709226F37B"/>
</associations>
</Column>
<Column name="gallery_id" id="B5EDD570-785E-D898-8F89-656A0D75357D">
<createdBy>jure0001</createdBy>
<createdTime>2020-05-11 23:51:17 UTC</createdTime>
<commentInRDBMS><![CDATA[Primary key of the gallery]]></commentInRDBMS>
<generatorID>641FDA2A-CF1E-D6B8-76A6-9FD31670D434</generatorID>
<ownerDesignName>mau_oraclemodel</ownerDesignName>
<nullsAllowed>true</nullsAllowed>
<useDomainConstraints>false</useDomainConstraints>
<use>1</use>
<logicalDatatype>LOGDT019</logicalDatatype>
<dataTypePrecision>7</dataTypePrecision>
<ownDataTypeParameters>,,</ownDataTypeParameters>
<previousColumn>false</previousColumn>
<autoIncrementCycle>false</autoIncrementCycle>
<associations>
<colAssociation fkAssociation="8E9277FE-44E1-D5AD-55F4-28A26407BBE7" referredColumn="B03FCF69-4E12-DD01-4AFA-5237B7D6D8BF"/>
</associations>
</Column>
</columns>
<indexes itemClass="oracle.dbtools.crest.model.design.relational.Index">
<ind_PK_UK id="008AD126-AA09-42F7-E924-E2913FE52B7C" name="STATUS_PK">
<createdBy>jure0001</createdBy>
<createdTime>2020-05-11 23:51:17 UTC</createdTime>
<generatorID>7EBF88BE-2812-2148-14D2-F920010DFD58</generatorID>
<ownerDesignName>mau_oraclemodel</ownerDesignName>
<pk>true</pk>
<indexState>Primary Constraint</indexState>
<isSurrogateKey>false</isSurrogateKey>
<indexColumnUsage>
<colUsage columnID="DA019C43-AA22-4935-E077-65DB7705F8FC"/>
<colUsage columnID="036C5523-8DB6-DA90-573B-DFBE52581262"/>
<colUsage columnID="1E830AC4-20D4-ACDB-BC59-182E4BB16E66"/>
<colUsage columnID="2AD208DA-D34B-607E-1F7A-640CD5F0EC18"/>
</indexColumnUsage>
</ind_PK_UK>
<ind_PK_UK id="0914BE95-7379-5F2D-2DD6-26561B028A70" name="ART_STATUS">
<createdBy>jure0001</createdBy>
<createdTime>2020-05-11 23:51:17 UTC</createdTime>
<generatorID>B00EA53A-6C6D-5B91-ADA7-86096E44277F</generatorID>
<ownerDesignName>mau_oraclemodel</ownerDesignName>
<indexState>Foreign Key</indexState>
<isSurrogateKey>false</isSurrogateKey>
<indexColumnUsage>
<colUsage columnID="1E830AC4-20D4-ACDB-BC59-182E4BB16E66"/>
<colUsage columnID="2AD208DA-D34B-607E-1F7A-640CD5F0EC18"/>
</indexColumnUsage>
</ind_PK_UK>
<ind_PK_UK id="F8091CAF-C718-D8DC-5F9A-690675BD5C02" name="GALLERY_STATUS">
<createdBy>jure0001</createdBy>
<createdTime>2020-05-11 23:51:17 UTC</createdTime>
<generatorID>9DF1D6D5-9261-9D5E-0225-DF7072FAAF90</generatorID>
<ownerDesignName>mau_oraclemodel</ownerDesignName>
<indexState>Foreign Key</indexState>
<isSurrogateKey>false</isSurrogateKey>
<indexColumnUsage>
<colUsage columnID="B5EDD570-785E-D898-8F89-656A0D75357D"/>
</indexColumnUsage>
</ind_PK_UK>
</indexes>
</Table>
