<?xml version = '1.0' encoding = 'UTF-8'?>
<Table class="oracle.dbtools.crest.model.design.relational.Table" directorySegmentName="seg_0" id="D9D863BC-7CEF-E9C8-1CA2-26F081679A26" name="CUSTOMER">
<createdBy>jure0001</createdBy>
<createdTime>2020-05-11 23:51:17 UTC</createdTime>
<generatorID>6B3132F1-7CE6-EE5B-8683-170061F251BE</generatorID>
<ownerDesignName>mau_oraclemodel</ownerDesignName>
<allowColumnReorder>false</allowColumnReorder>
<existDependencyGenerateInDDl>true</existDependencyGenerateInDDl>
<parsed>true</parsed>
<columns itemClass="oracle.dbtools.crest.model.design.relational.Column">
<Column name="cust_ID" id="3C49552C-BADC-A254-1667-E6CD59664375">
<createdBy>jure0001</createdBy>
<createdTime>2020-05-11 23:51:17 UTC</createdTime>
<commentInRDBMS><![CDATA[Primary key of the customer]]></commentInRDBMS>
<generatorID>52940D96-4806-BF9A-E3FA-85544CF623EB</generatorID>
<ownerDesignName>mau_oraclemodel</ownerDesignName>
<useDomainConstraints>false</useDomainConstraints>
<use>1</use>
<logicalDatatype>LOGDT019</logicalDatatype>
<dataTypePrecision>7</dataTypePrecision>
<ownDataTypeParameters>,7,</ownDataTypeParameters>
<autoIncrementCycle>false</autoIncrementCycle>
</Column>
<Column name="cust_name" id="0143AE09-436F-80C4-99ED-06EE52D00591">
<createdBy>jure0001</createdBy>
<createdTime>2020-05-11 23:51:17 UTC</createdTime>
<commentInRDBMS><![CDATA[Name of the customer]]></commentInRDBMS>
<generatorID>510D44E9-4E10-D883-A18A-7694FEA3F503</generatorID>
<ownerDesignName>mau_oraclemodel</ownerDesignName>
<useDomainConstraints>false</useDomainConstraints>
<use>1</use>
<logicalDatatype>LOGDT024</logicalDatatype>
<dataTypeSize>50</dataTypeSize>
<ownDataTypeParameters>50,,</ownDataTypeParameters>
<autoIncrementCycle>false</autoIncrementCycle>
</Column>
<Column name="cust_address" id="164EAA6E-C1BA-7FC7-9F7F-B3C2705D01D6">
<createdBy>jure0001</createdBy>
<createdTime>2020-05-11 23:51:17 UTC</createdTime>
<commentInRDBMS><![CDATA[address of the customer]]></commentInRDBMS>
<generatorID>2EC27C9A-2165-8BD2-F2F6-DC456846A5FD</generatorID>
<ownerDesignName>mau_oraclemodel</ownerDesignName>
<useDomainConstraints>false</useDomainConstraints>
<use>1</use>
<logicalDatatype>LOGDT024</logicalDatatype>
<dataTypeSize>80</dataTypeSize>
<ownDataTypeParameters>80,,</ownDataTypeParameters>
<autoIncrementCycle>false</autoIncrementCycle>
</Column>
<Column name="cust_phone" id="5863387B-C5AD-13D6-B031-B2B3F3939F8C">
<createdBy>jure0001</createdBy>
<createdTime>2020-05-11 23:51:17 UTC</createdTime>
<commentInRDBMS><![CDATA[contact phone number of customer]]></commentInRDBMS>
<generatorID>CCF8DA5A-6A6B-3BDD-1AA7-1DE6AFC472B1</generatorID>
<ownerDesignName>mau_oraclemodel</ownerDesignName>
<useDomainConstraints>false</useDomainConstraints>
<use>1</use>
<logicalDatatype>LOGDT025</logicalDatatype>
<dataTypeSize>10</dataTypeSize>
<ownDataTypeParameters>10,,</ownDataTypeParameters>
<autoIncrementCycle>false</autoIncrementCycle>
</Column>
<Column name="business_name" id="1FE550DD-12EC-2D7D-658D-C303A1B6CF05">
<createdBy>jure0001</createdBy>
<createdTime>2020-05-11 23:51:17 UTC</createdTime>
<commentInRDBMS><![CDATA[business name of the customer]]></commentInRDBMS>
<generatorID>C09798B4-22AA-352C-FE8D-E514ED2CEBD7</generatorID>
<ownerDesignName>mau_oraclemodel</ownerDesignName>
<nullsAllowed>true</nullsAllowed>
<useDomainConstraints>false</useDomainConstraints>
<use>1</use>
<logicalDatatype>LOGDT024</logicalDatatype>
<dataTypeSize>50</dataTypeSize>
<ownDataTypeParameters>50,,</ownDataTypeParameters>
<autoIncrementCycle>false</autoIncrementCycle>
</Column>
</columns>
<indexes itemClass="oracle.dbtools.crest.model.design.relational.Index">
<ind_PK_UK id="91CDAD1B-2997-60BA-6F8A-A0EAF8C120A4" name="CUSTOMER_PK">
<createdBy>jure0001</createdBy>
<createdTime>2020-05-11 23:51:17 UTC</createdTime>
<generatorID>B6110504-CFE6-5ADD-3610-61B64AC72FE1</generatorID>
<ownerDesignName>mau_oraclemodel</ownerDesignName>
<pk>true</pk>
<indexState>Primary Constraint</indexState>
<isSurrogateKey>false</isSurrogateKey>
<indexColumnUsage>
<colUsage columnID="3C49552C-BADC-A254-1667-E6CD59664375"/>
</indexColumnUsage>
</ind_PK_UK>
</indexes>
</Table>
