<?xml version = '1.0' encoding = 'UTF-8'?>
<Table class="oracle.dbtools.crest.model.design.relational.Table" directorySegmentName="seg_0" id="F283AAB4-09F6-D7C5-D5FC-EA54C4D9B315" name="EXHIBITION">
<createdBy>jure0001</createdBy>
<createdTime>2020-05-11 23:51:17 UTC</createdTime>
<generatorID>7A19E87C-3363-3C9D-6F9F-CA2A5B3C3E10</generatorID>
<ownerDesignName>mau_oraclemodel</ownerDesignName>
<allowColumnReorder>false</allowColumnReorder>
<existDependencyGenerateInDDl>true</existDependencyGenerateInDDl>
<parsed>true</parsed>
<columns itemClass="oracle.dbtools.crest.model.design.relational.Column">
<Column name="exhibition_id" id="3CF78F0B-421D-8CDC-E943-6CD7CA1D4F67">
<createdBy>jure0001</createdBy>
<createdTime>2020-05-11 23:51:17 UTC</createdTime>
<commentInRDBMS><![CDATA[Surrogate key]]></commentInRDBMS>
<generatorID>0C67C296-5413-5E70-5378-CFCA4EC6E274</generatorID>
<ownerDesignName>mau_oraclemodel</ownerDesignName>
<useDomainConstraints>false</useDomainConstraints>
<use>1</use>
<logicalDatatype>LOGDT019</logicalDatatype>
<dataTypePrecision>7</dataTypePrecision>
<ownDataTypeParameters>,7,</ownDataTypeParameters>
<autoIncrementCycle>false</autoIncrementCycle>
</Column>
<Column name="artist_code" id="FC49EE0D-2E5A-0F70-31CC-A92B57401A50">
<createdBy>jure0001</createdBy>
<createdTime>2020-05-11 23:51:17 UTC</createdTime>
<commentInRDBMS><![CDATA[Primary key of the artist (identifier)]]></commentInRDBMS>
<generatorID>26D81374-5E3C-2B8B-724B-DA0CA7264C91</generatorID>
<ownerDesignName>mau_oraclemodel</ownerDesignName>
<useDomainConstraints>false</useDomainConstraints>
<use>1</use>
<logicalDatatype>LOGDT019</logicalDatatype>
<dataTypePrecision>7</dataTypePrecision>
<ownDataTypeParameters>,,</ownDataTypeParameters>
<previousColumn>false</previousColumn>
<autoIncrementCycle>false</autoIncrementCycle>
<associations>
<colAssociation fkAssociation="7A0A6FA5-90C8-9867-BA6F-E0897972A36A" referredColumn="C0BC3C75-5036-68CF-F5D5-C9709226F37B"/>
</associations>
</Column>
<Column name="art_no" id="09FA306E-1E1B-20FF-7897-EBB995A762D1">
<createdBy>jure0001</createdBy>
<createdTime>2020-05-11 23:51:17 UTC</createdTime>
<commentInRDBMS><![CDATA[Art number for each artist, primary key]]></commentInRDBMS>
<generatorID>3FB28AC7-8B49-1B82-FAD5-9F8AE7DAE629</generatorID>
<ownerDesignName>mau_oraclemodel</ownerDesignName>
<useDomainConstraints>false</useDomainConstraints>
<use>1</use>
<logicalDatatype>LOGDT019</logicalDatatype>
<dataTypePrecision>7</dataTypePrecision>
<ownDataTypeParameters>,,</ownDataTypeParameters>
<previousColumn>false</previousColumn>
<autoIncrementCycle>false</autoIncrementCycle>
<associations>
<colAssociation fkAssociation="7A0A6FA5-90C8-9867-BA6F-E0897972A36A" referredColumn="3E435848-FBF2-ED95-E436-BAF47240CFEC"/>
</associations>
</Column>
<Column name="gallery_id" id="628CECAC-409B-44E5-7B74-0A38CD50564D">
<createdBy>jure0001</createdBy>
<createdTime>2020-05-11 23:51:17 UTC</createdTime>
<commentInRDBMS><![CDATA[Primary key of the gallery]]></commentInRDBMS>
<generatorID>B9A9375D-EF6D-D550-75AC-F0EF40782157</generatorID>
<ownerDesignName>mau_oraclemodel</ownerDesignName>
<useDomainConstraints>false</useDomainConstraints>
<use>1</use>
<logicalDatatype>LOGDT019</logicalDatatype>
<dataTypePrecision>7</dataTypePrecision>
<ownDataTypeParameters>,,</ownDataTypeParameters>
<previousColumn>false</previousColumn>
<autoIncrementCycle>false</autoIncrementCycle>
<associations>
<colAssociation fkAssociation="DB7C15B0-EDE3-543D-B702-D527DB081A9E" referredColumn="B03FCF69-4E12-DD01-4AFA-5237B7D6D8BF"/>
</associations>
</Column>
<Column name="date_exh_start" id="DBD8222E-E48C-C537-D523-7B868C980347">
<createdBy>jure0001</createdBy>
<createdTime>2020-05-11 23:51:17 UTC</createdTime>
<commentInRDBMS><![CDATA[The date the exhibition started]]></commentInRDBMS>
<generatorID>CFEB514B-45C1-199E-69F2-4E096C8301F1</generatorID>
<ownerDesignName>mau_oraclemodel</ownerDesignName>
<useDomainConstraints>false</useDomainConstraints>
<use>1</use>
<logicalDatatype>LOGDT007</logicalDatatype>
<ownDataTypeParameters>,,</ownDataTypeParameters>
<autoIncrementCycle>false</autoIncrementCycle>
</Column>
<Column name="date_exh_end" id="11A04C76-141C-E00A-8E96-8A146F0F3EB6">
<createdBy>jure0001</createdBy>
<createdTime>2020-05-11 23:51:17 UTC</createdTime>
<commentInRDBMS><![CDATA[When the exhibition will end]]></commentInRDBMS>
<generatorID>49C61C46-8321-E213-2F64-8A8BAC852CE8</generatorID>
<ownerDesignName>mau_oraclemodel</ownerDesignName>
<useDomainConstraints>false</useDomainConstraints>
<use>1</use>
<logicalDatatype>LOGDT007</logicalDatatype>
<ownDataTypeParameters>,,</ownDataTypeParameters>
<autoIncrementCycle>false</autoIncrementCycle>
</Column>
</columns>
<indexes itemClass="oracle.dbtools.crest.model.design.relational.Index">
<ind_PK_UK id="512CECC8-7DD7-B1C2-EE93-1838BE03FA47" name="EXHIBITION_PK">
<createdBy>jure0001</createdBy>
<createdTime>2020-05-11 23:51:17 UTC</createdTime>
<generatorID>DEB6D8ED-4488-4011-E1F7-CF7AD9A2BF1E</generatorID>
<ownerDesignName>mau_oraclemodel</ownerDesignName>
<pk>true</pk>
<indexState>Primary Constraint</indexState>
<isSurrogateKey>false</isSurrogateKey>
<indexColumnUsage>
<colUsage columnID="3CF78F0B-421D-8CDC-E943-6CD7CA1D4F67"/>
</indexColumnUsage>
</ind_PK_UK>
<ind_PK_UK id="ABF15D7D-3F29-AF79-6CF1-D70ABF2881D3" name="exh_newkey">
<createdBy>jure0001</createdBy>
<createdTime>2020-05-11 23:51:17 UTC</createdTime>
<generatorID>45023A35-4EA0-77A6-D3AA-D5C5B374DC79</generatorID>
<ownerDesignName>mau_oraclemodel</ownerDesignName>
<indexState>Unique Constraint</indexState>
<isSurrogateKey>false</isSurrogateKey>
<indexColumnUsage>
<colUsage columnID="09FA306E-1E1B-20FF-7897-EBB995A762D1"/>
<colUsage columnID="FC49EE0D-2E5A-0F70-31CC-A92B57401A50"/>
<colUsage columnID="628CECAC-409B-44E5-7B74-0A38CD50564D"/>
</indexColumnUsage>
</ind_PK_UK>
<ind_PK_UK id="7C602DE0-6581-15CD-F345-BD6AC14B5A62" name="EXHIBITION__IDX">
<createdBy>jure0001</createdBy>
<createdTime>2020-05-11 23:51:17 UTC</createdTime>
<ownerDesignName>mau_oraclemodel</ownerDesignName>
<indexState>Unique Plain Index</indexState>
<isSurrogateKey>false</isSurrogateKey>
<relationGeneratorID>64E4B4DF-BEE2-121F-9077-36BF3024B8F2</relationGeneratorID>
<indexColumnUsage>
<colUsage columnID="09FA306E-1E1B-20FF-7897-EBB995A762D1"/>
<colUsage columnID="FC49EE0D-2E5A-0F70-31CC-A92B57401A50"/>
</indexColumnUsage>
</ind_PK_UK>
<ind_PK_UK id="D6EFB1C5-E7BB-8139-A20A-8FDC117680AD" name="EXHIBITION_ART">
<createdBy>jure0001</createdBy>
<createdTime>2020-05-11 23:51:17 UTC</createdTime>
<generatorID>64E4B4DF-BEE2-121F-9077-36BF3024B8F2</generatorID>
<ownerDesignName>mau_oraclemodel</ownerDesignName>
<indexState>Foreign Key</indexState>
<isSurrogateKey>false</isSurrogateKey>
<indexColumnUsage>
<colUsage columnID="09FA306E-1E1B-20FF-7897-EBB995A762D1"/>
<colUsage columnID="FC49EE0D-2E5A-0F70-31CC-A92B57401A50"/>
</indexColumnUsage>
</ind_PK_UK>
<ind_PK_UK id="54C1E588-F3E9-EFB7-911D-961EB766FBFD" name="GALLERY_EXHIBITION">
<createdBy>jure0001</createdBy>
<createdTime>2020-05-11 23:51:17 UTC</createdTime>
<generatorID>87515F89-BD9F-8A15-C29D-725A2300AB29</generatorID>
<ownerDesignName>mau_oraclemodel</ownerDesignName>
<indexState>Foreign Key</indexState>
<isSurrogateKey>false</isSurrogateKey>
<indexColumnUsage>
<colUsage columnID="628CECAC-409B-44E5-7B74-0A38CD50564D"/>
</indexColumnUsage>
</ind_PK_UK>
</indexes>
</Table>
