<?xml version = '1.0' encoding = 'UTF-8'?>
<relationalModel class="oracle.dbtools.crest.model.design.relational.RelationalDesign" name="Relational_1" id="6D8EAEAF-4826-975C-F214-55ED56345F7C" mainViewID="4AE3A512-5CA0-831F-D563-9CB055B544E3">
<createdBy>jure0001</createdBy>
<createdTime>2020-05-09 06:50:25 UTC</createdTime>
<ownerDesignName>mau_oraclemodel</ownerDesignName>
<shouldBeOpen>false</shouldBeOpen>
<selectedRDBMSSite>32076570-2523-435C-2E92-BF29817DFF70</selectedRDBMSSite>
</relationalModel>