<?xml version = '1.0' encoding = 'UTF-8'?>
<FKIndexAssociation class="oracle.dbtools.crest.model.design.relational.FKIndexAssociation" directorySegmentName="seg_0" id="2910D7AD-B194-3C80-20E5-A2B84A7BBB9F" containerWithKeyObject="3A116817-4C45-A0B2-3C5D-F8D7C49120F8" localFKIndex="4986270B-8734-D936-5D79-8AC16DB4486E" name="CHILD_PARENT_STYLE">
<createdBy>jure0001</createdBy>
<createdTime>2020-05-11 23:51:17 UTC</createdTime>
<generatorID>1652432A-A367-E4B5-DD4E-D88B4E50C14A</generatorID>
<ownerDesignName>mau_oraclemodel</ownerDesignName>
<referredTableLongName>STYLE</referredTableLongName>
<deleteRule>NO ACTION</deleteRule>
<referredTableID>3A116817-4C45-A0B2-3C5D-F8D7C49120F8</referredTableID>
<keyObject>0EF060FF-CAFE-5262-D007-16969C364077</keyObject>
<referredKeyID>0EF060FF-CAFE-5262-D007-16969C364077</referredKeyID>
<mandatory>true</mandatory>
<refColNames>assigned_style</refColNames>
<transferable>true</transferable>
<rely>false</rely>
<columnDependencyConstraintGenerateInDDL>true</columnDependencyConstraintGenerateInDDL>
</FKIndexAssociation>
