<?xml version = '1.0' encoding = 'UTF-8'?>
<FKIndexAssociation class="oracle.dbtools.crest.model.design.relational.FKIndexAssociation" directorySegmentName="seg_0" id="3D61FEB3-BB00-62D0-7992-4B99A87E453E" containerWithKeyObject="45F3E158-667C-3E29-D21A-2582953C2293" localFKIndex="9939BC8F-EF00-5DC2-7F96-5252E960259B" name="EXHIBITION_SALE">
<createdBy>jure0001</createdBy>
<createdTime>2020-05-11 23:51:17 UTC</createdTime>
<generatorID>35F19EC2-BC9D-4ED8-93D8-0023BE81D765</generatorID>
<ownerDesignName>mau_oraclemodel</ownerDesignName>
<referredTableLongName>EXHIBITION</referredTableLongName>
<deleteRule>NO ACTION</deleteRule>
<referredTableID>F283AAB4-09F6-D7C5-D5FC-EA54C4D9B315</referredTableID>
<keyObject>512CECC8-7DD7-B1C2-EE93-1838BE03FA47</keyObject>
<referredKeyID>512CECC8-7DD7-B1C2-EE93-1838BE03FA47</referredKeyID>
<mandatory>true</mandatory>
<refColNames>exhibition_id</refColNames>
<transferable>true</transferable>
<rely>false</rely>
<columnDependencyConstraintGenerateInDDL>true</columnDependencyConstraintGenerateInDDL>
</FKIndexAssociation>
