<?xml version = '1.0' encoding = 'UTF-8'?>
<FKIndexAssociation class="oracle.dbtools.crest.model.design.relational.FKIndexAssociation" directorySegmentName="seg_0" id="6E9EF0AF-064C-EB28-CCEE-040C4F86FB95" containerWithKeyObject="5AC6B2E1-2D4C-48B6-6E5F-A16F5D0A6FEA" localFKIndex="91223C31-99F5-82F2-B2D4-B086D4CC4CF9" name="ART_STYLE">
<createdBy>jure0001</createdBy>
<createdTime>2020-05-11 23:51:17 UTC</createdTime>
<generatorID>413CF278-037A-2058-64ED-DA46DDAAE738</generatorID>
<ownerDesignName>mau_oraclemodel</ownerDesignName>
<referredTableLongName>STYLE</referredTableLongName>
<deleteRule>NO ACTION</deleteRule>
<referredTableID>3A116817-4C45-A0B2-3C5D-F8D7C49120F8</referredTableID>
<keyObject>0EF060FF-CAFE-5262-D007-16969C364077</keyObject>
<referredKeyID>0EF060FF-CAFE-5262-D007-16969C364077</referredKeyID>
<mandatory>true</mandatory>
<refColNames>assigned_style</refColNames>
<transferable>true</transferable>
<rely>false</rely>
<columnDependencyConstraintGenerateInDDL>true</columnDependencyConstraintGenerateInDDL>
</FKIndexAssociation>
