<?xml version = '1.0' encoding = 'UTF-8'?>
<FKIndexAssociation class="oracle.dbtools.crest.model.design.relational.FKIndexAssociation" directorySegmentName="seg_0" id="7157B023-B8E9-29A1-91DC-14B48B4D20E2" containerWithKeyObject="45F3E158-667C-3E29-D21A-2582953C2293" localFKIndex="5184803F-A5D8-E485-6AD9-F6C362A7F062" name="CUSTOMER_SALE">
<createdBy>jure0001</createdBy>
<createdTime>2020-05-11 23:51:17 UTC</createdTime>
<generatorID>3D515DB9-3068-22CA-6412-DE29181D84D2</generatorID>
<ownerDesignName>mau_oraclemodel</ownerDesignName>
<referredTableLongName>CUSTOMER</referredTableLongName>
<deleteRule>NO ACTION</deleteRule>
<referredTableID>D9D863BC-7CEF-E9C8-1CA2-26F081679A26</referredTableID>
<keyObject>91CDAD1B-2997-60BA-6F8A-A0EAF8C120A4</keyObject>
<referredKeyID>91CDAD1B-2997-60BA-6F8A-A0EAF8C120A4</referredKeyID>
<mandatory>true</mandatory>
<refColNames>cust_ID</refColNames>
<transferable>true</transferable>
<rely>false</rely>
<columnDependencyConstraintGenerateInDDL>true</columnDependencyConstraintGenerateInDDL>
</FKIndexAssociation>
