<?xml version = '1.0' encoding = 'UTF-8'?>
<FKIndexAssociation class="oracle.dbtools.crest.model.design.relational.FKIndexAssociation" directorySegmentName="seg_0" id="7A0A6FA5-90C8-9867-BA6F-E0897972A36A" containerWithKeyObject="F283AAB4-09F6-D7C5-D5FC-EA54C4D9B315" localFKIndex="D6EFB1C5-E7BB-8139-A20A-8FDC117680AD" name="EXHIBITION_ART">
<createdBy>jure0001</createdBy>
<createdTime>2020-05-11 23:51:17 UTC</createdTime>
<generatorID>64E4B4DF-BEE2-121F-9077-36BF3024B8F2</generatorID>
<ownerDesignName>mau_oraclemodel</ownerDesignName>
<referredTableLongName>ART</referredTableLongName>
<deleteRule>NO ACTION</deleteRule>
<referredTableID>5AC6B2E1-2D4C-48B6-6E5F-A16F5D0A6FEA</referredTableID>
<keyObject>CA74FC10-421E-4F21-4256-F340297201D3</keyObject>
<referredKeyID>CA74FC10-421E-4F21-4256-F340297201D3</referredKeyID>
<mandatory>true</mandatory>
<refColNames>art_no,artist_code</refColNames>
<transferable>true</transferable>
<rely>false</rely>
<columnDependencyConstraintGenerateInDDL>true</columnDependencyConstraintGenerateInDDL>
</FKIndexAssociation>
