<?xml version = '1.0' encoding = 'UTF-8'?>
<FKIndexAssociation class="oracle.dbtools.crest.model.design.relational.FKIndexAssociation" directorySegmentName="seg_0" id="8E9277FE-44E1-D5AD-55F4-28A26407BBE7" containerWithKeyObject="CC810737-34FB-AF8A-C260-EFB4B1BA3F6B" localFKIndex="F8091CAF-C718-D8DC-5F9A-690675BD5C02" name="GALLERY_STATUS">
<createdBy>jure0001</createdBy>
<createdTime>2020-05-11 23:51:17 UTC</createdTime>
<generatorID>9DF1D6D5-9261-9D5E-0225-DF7072FAAF90</generatorID>
<ownerDesignName>mau_oraclemodel</ownerDesignName>
<referredTableLongName>GALLERY</referredTableLongName>
<deleteRule>NO ACTION</deleteRule>
<referredTableID>8A71E38C-8C85-0BE2-BCA5-4760EE800140</referredTableID>
<keyObject>B8B1D6C9-4D77-3E5E-CEC4-CDDC0DEBCD4D</keyObject>
<referredKeyID>B8B1D6C9-4D77-3E5E-CEC4-CDDC0DEBCD4D</referredKeyID>
<mandatory>false</mandatory>
<refColNames>gallery_id</refColNames>
<transferable>true</transferable>
<rely>false</rely>
<columnDependencyConstraintGenerateInDDL>true</columnDependencyConstraintGenerateInDDL>
</FKIndexAssociation>
