<?xml version = '1.0' encoding = 'UTF-8'?>
<FKIndexAssociation class="oracle.dbtools.crest.model.design.relational.FKIndexAssociation" directorySegmentName="seg_0" id="B5996FA6-EB99-A90F-B9C5-49B79850E0EA" containerWithKeyObject="CC810737-34FB-AF8A-C260-EFB4B1BA3F6B" localFKIndex="0914BE95-7379-5F2D-2DD6-26561B028A70" name="ART_STATUS">
<createdBy>jure0001</createdBy>
<createdTime>2020-05-11 23:51:17 UTC</createdTime>
<generatorID>B00EA53A-6C6D-5B91-ADA7-86096E44277F</generatorID>
<ownerDesignName>mau_oraclemodel</ownerDesignName>
<referredTableLongName>ART</referredTableLongName>
<deleteRule>NO ACTION</deleteRule>
<referredTableID>5AC6B2E1-2D4C-48B6-6E5F-A16F5D0A6FEA</referredTableID>
<keyObject>CA74FC10-421E-4F21-4256-F340297201D3</keyObject>
<referredKeyID>CA74FC10-421E-4F21-4256-F340297201D3</referredKeyID>
<mandatory>true</mandatory>
<refColNames>art_no,artist_code</refColNames>
<transferable>true</transferable>
<rely>false</rely>
<columnDependencyConstraintGenerateInDDL>true</columnDependencyConstraintGenerateInDDL>
</FKIndexAssociation>
