<?xml version = '1.0' encoding = 'UTF-8'?>
<FKIndexAssociation class="oracle.dbtools.crest.model.design.relational.FKIndexAssociation" directorySegmentName="seg_0" id="DB7C15B0-EDE3-543D-B702-D527DB081A9E" containerWithKeyObject="F283AAB4-09F6-D7C5-D5FC-EA54C4D9B315" localFKIndex="54C1E588-F3E9-EFB7-911D-961EB766FBFD" name="GALLERY_EXHIBITION">
<createdBy>jure0001</createdBy>
<createdTime>2020-05-11 23:51:17 UTC</createdTime>
<generatorID>87515F89-BD9F-8A15-C29D-725A2300AB29</generatorID>
<ownerDesignName>mau_oraclemodel</ownerDesignName>
<referredTableLongName>GALLERY</referredTableLongName>
<deleteRule>NO ACTION</deleteRule>
<referredTableID>8A71E38C-8C85-0BE2-BCA5-4760EE800140</referredTableID>
<keyObject>B8B1D6C9-4D77-3E5E-CEC4-CDDC0DEBCD4D</keyObject>
<referredKeyID>B8B1D6C9-4D77-3E5E-CEC4-CDDC0DEBCD4D</referredKeyID>
<mandatory>true</mandatory>
<refColNames>gallery_id</refColNames>
<transferable>true</transferable>
<rely>false</rely>
<columnDependencyConstraintGenerateInDDL>true</columnDependencyConstraintGenerateInDDL>
</FKIndexAssociation>
