<?xml version = '1.0' encoding = 'UTF-8'?>
<FKIndexAssociation class="oracle.dbtools.crest.model.design.relational.FKIndexAssociation" directorySegmentName="seg_0" id="EA3B07E6-EE48-547E-C335-2DD753A6F752" containerWithKeyObject="5AC6B2E1-2D4C-48B6-6E5F-A16F5D0A6FEA" localFKIndex="57F04FCF-475B-5ECC-239F-E5E33D4EABBE" name="ARTIST_ART">
<createdBy>jure0001</createdBy>
<createdTime>2020-05-11 23:51:17 UTC</createdTime>
<generatorID>D7C63244-080A-AE16-606F-E74BAF600022</generatorID>
<ownerDesignName>mau_oraclemodel</ownerDesignName>
<referredTableLongName>ARTIST</referredTableLongName>
<deleteRule>NO ACTION</deleteRule>
<referredTableID>5F83AE51-AC9D-A6D6-56D3-123AD3EAA516</referredTableID>
<keyObject>AFFB8956-8FA6-3D91-2529-F47B24AFE5BD</keyObject>
<referredKeyID>AFFB8956-8FA6-3D91-2529-F47B24AFE5BD</referredKeyID>
<mandatory>true</mandatory>
<refColNames>artist_code</refColNames>
<transferable>true</transferable>
<rely>false</rely>
<columnDependencyConstraintGenerateInDDL>true</columnDependencyConstraintGenerateInDDL>
</FKIndexAssociation>
