<?xml version = '1.0' encoding = 'UTF-8'?>
<Diagram class="oracle.dbtools.crest.swingui.relational.DPVRelational" name="Relational_1" id="4AE3A512-5CA0-831F-D563-9CB055B544E3">
<createdBy>jure0001</createdBy>
<modifiedBy>jure0001</modifiedBy>
<createdTime>2020-05-09 10:46:24 UTC</createdTime>
<autoRoute>false</autoRoute>
<boxInbox>true</boxInbox>
<showLegend>false</showLegend>
<showLabels>false</showLabels>
<showRelAttributes>false</showRelAttributes>
<gridEnabled>false</gridEnabled>
<showGrid>false</showGrid>
<diagramColor>-1</diagramColor>
<display>false</display>
<notation>1</notation>
<objectViews>
<OView class="oracle.dbtools.crest.swingui.relational.TVTable" oid="3A116817-4C45-A0B2-3C5D-F8D7C49120F8" otype="Table" vid="4A2F080B-9755-B998-D063-2C204D693E05">
<hideElementsInCurrentOnly>false</hideElementsInCurrentOnly>
<bounds x="784" y="210" width="170" height="59"/>
</OView>
<OView class="oracle.dbtools.crest.swingui.relational.TVTable" oid="45F3E158-667C-3E29-D21A-2582953C2293" otype="Table" vid="0D7212DB-26A5-6CAA-7F4C-88A054D48CBF">
<hideElementsInCurrentOnly>false</hideElementsInCurrentOnly>
<bounds x="38" y="210" width="118" height="123"/>
</OView>
<OView class="oracle.dbtools.crest.swingui.relational.TVTable" oid="5AC6B2E1-2D4C-48B6-6E5F-A16F5D0A6FEA" otype="Table" vid="72F9CC1A-C23D-E801-BE21-8D0A56DB0477">
<hideElementsInCurrentOnly>false</hideElementsInCurrentOnly>
<bounds x="550" y="199" width="167" height="163"/>
</OView>
<OView class="oracle.dbtools.crest.swingui.relational.TVTable" oid="5F83AE51-AC9D-A6D6-56D3-123AD3EAA516" otype="Table" vid="32B5D3CE-9449-1494-8A54-7C220433B6F6">
<hideElementsInCurrentOnly>false</hideElementsInCurrentOnly>
<bounds x="550" y="15" width="137" height="118"/>
</OView>
<OView class="oracle.dbtools.crest.swingui.relational.TVTable" oid="8A71E38C-8C85-0BE2-BCA5-4760EE800140" otype="Table" vid="E1A2F959-0B3D-79CC-FFD2-061DB0A9DED2">
<hideElementsInCurrentOnly>false</hideElementsInCurrentOnly>
<bounds x="267" y="401" width="170" height="186"/>
</OView>
<OView class="oracle.dbtools.crest.swingui.relational.TVTable" oid="CC810737-34FB-AF8A-C260-EFB4B1BA3F6B" otype="Table" vid="A9C7DE16-EE60-45FB-4CE7-A1ACF796EFEF">
<hideElementsInCurrentOnly>false</hideElementsInCurrentOnly>
<bounds x="541" y="450" width="170" height="116"/>
</OView>
<OView class="oracle.dbtools.crest.swingui.relational.TVTable" oid="D9D863BC-7CEF-E9C8-1CA2-26F081679A26" otype="Table" vid="549837A3-CD7D-8587-8D4E-2B97B88CE602">
<hideElementsInCurrentOnly>false</hideElementsInCurrentOnly>
<bounds x="36" y="421" width="132" height="110"/>
</OView>
<OView class="oracle.dbtools.crest.swingui.relational.TVTable" oid="F283AAB4-09F6-D7C5-D5FC-EA54C4D9B315" otype="Table" vid="CF190E8D-4601-6E84-ABF8-E088A0DC59A4">
<hideElementsInCurrentOnly>false</hideElementsInCurrentOnly>
<bounds x="291" y="175" width="183" height="201"/>
</OView>
</objectViews>
<connectors>
<Connector class="oracle.dbtools.crest.swingui.relational.TVFKRelation" oid="2910D7AD-B194-3C80-20E5-A2B84A7BBB9F" otype="FKIndexAssociation" vid_source="4A2F080B-9755-B998-D063-2C204D693E05" vid_target="4A2F080B-9755-B998-D063-2C204D693E05">
<hideElementsInCurrentOnly>false</hideElementsInCurrentOnly>
<backgroundColor>-16777216</backgroundColor>
<lineWidth>1</lineWidth>
<points>
<point x="954" y="244"/>
<point x="979" y="244"/>
<point x="979" y="294"/>
<point x="884" y="294"/>
<point x="884" y="269"/>
</points>
</Connector>
<Connector class="oracle.dbtools.crest.swingui.relational.TVFKRelation" oid="3D61FEB3-BB00-62D0-7992-4B99A87E453E" otype="FKIndexAssociation" vid_source="CF190E8D-4601-6E84-ABF8-E088A0DC59A4" vid_target="0D7212DB-26A5-6CAA-7F4C-88A054D48CBF">
<hideElementsInCurrentOnly>false</hideElementsInCurrentOnly>
<backgroundColor>-16777216</backgroundColor>
<lineWidth>1</lineWidth>
<points>
<point x="291" y="286"/>
<point x="156" y="286"/>
</points>
</Connector>
<Connector class="oracle.dbtools.crest.swingui.relational.TVFKRelation" oid="6E9EF0AF-064C-EB28-CCEE-040C4F86FB95" otype="FKIndexAssociation" vid_source="4A2F080B-9755-B998-D063-2C204D693E05" vid_target="72F9CC1A-C23D-E801-BE21-8D0A56DB0477">
<hideElementsInCurrentOnly>false</hideElementsInCurrentOnly>
<backgroundColor>-16777216</backgroundColor>
<lineWidth>1</lineWidth>
<points>
<point x="784" y="254"/>
<point x="717" y="254"/>
</points>
</Connector>
<Connector class="oracle.dbtools.crest.swingui.relational.TVFKRelation" oid="7157B023-B8E9-29A1-91DC-14B48B4D20E2" otype="FKIndexAssociation" vid_source="549837A3-CD7D-8587-8D4E-2B97B88CE602" vid_target="0D7212DB-26A5-6CAA-7F4C-88A054D48CBF">
<hideElementsInCurrentOnly>false</hideElementsInCurrentOnly>
<backgroundColor>-16777216</backgroundColor>
<lineWidth>1</lineWidth>
<points>
<point x="97" y="421"/>
<point x="97" y="333"/>
</points>
</Connector>
<Connector class="oracle.dbtools.crest.swingui.relational.TVFKRelation" oid="7A0A6FA5-90C8-9867-BA6F-E0897972A36A" otype="FKIndexAssociation" vid_source="72F9CC1A-C23D-E801-BE21-8D0A56DB0477" vid_target="CF190E8D-4601-6E84-ABF8-E088A0DC59A4">
<hideElementsInCurrentOnly>false</hideElementsInCurrentOnly>
<backgroundColor>-16777216</backgroundColor>
<lineWidth>1</lineWidth>
<points>
<point x="550" y="280"/>
<point x="474" y="280"/>
</points>
</Connector>
<Connector class="oracle.dbtools.crest.swingui.relational.TVFKRelation" oid="8E9277FE-44E1-D5AD-55F4-28A26407BBE7" otype="FKIndexAssociation" vid_source="E1A2F959-0B3D-79CC-FFD2-061DB0A9DED2" vid_target="A9C7DE16-EE60-45FB-4CE7-A1ACF796EFEF">
<hideElementsInCurrentOnly>false</hideElementsInCurrentOnly>
<backgroundColor>-16777216</backgroundColor>
<lineWidth>1</lineWidth>
<points>
<point x="437" y="508"/>
<point x="541" y="508"/>
</points>
</Connector>
<Connector class="oracle.dbtools.crest.swingui.relational.TVFKRelation" oid="B5996FA6-EB99-A90F-B9C5-49B79850E0EA" otype="FKIndexAssociation" vid_source="72F9CC1A-C23D-E801-BE21-8D0A56DB0477" vid_target="A9C7DE16-EE60-45FB-4CE7-A1ACF796EFEF">
<hideElementsInCurrentOnly>false</hideElementsInCurrentOnly>
<backgroundColor>-16777216</backgroundColor>
<lineWidth>1</lineWidth>
<points>
<point x="645" y="362"/>
<point x="645" y="450"/>
</points>
</Connector>
<Connector class="oracle.dbtools.crest.swingui.relational.TVFKRelation" oid="DB7C15B0-EDE3-543D-B702-D527DB081A9E" otype="FKIndexAssociation" vid_source="E1A2F959-0B3D-79CC-FFD2-061DB0A9DED2" vid_target="CF190E8D-4601-6E84-ABF8-E088A0DC59A4">
<hideElementsInCurrentOnly>false</hideElementsInCurrentOnly>
<backgroundColor>-16777216</backgroundColor>
<lineWidth>1</lineWidth>
<points>
<point x="379" y="401"/>
<point x="379" y="376"/>
</points>
</Connector>
<Connector class="oracle.dbtools.crest.swingui.relational.TVFKRelation" oid="EA3B07E6-EE48-547E-C335-2DD753A6F752" otype="FKIndexAssociation" vid_source="32B5D3CE-9449-1494-8A54-7C220433B6F6" vid_target="72F9CC1A-C23D-E801-BE21-8D0A56DB0477">
<hideElementsInCurrentOnly>false</hideElementsInCurrentOnly>
<backgroundColor>-16777216</backgroundColor>
<lineWidth>1</lineWidth>
<points>
<point x="633" y="133"/>
<point x="633" y="199"/>
</points>
</Connector>
</connectors>
</Diagram>
