<?xml version = '1.0' encoding = 'UTF-8'?>
<Entity class="oracle.dbtools.crest.model.design.logical.Entity" directorySegmentName="seg_0" id="406C5DAB-BA27-CA9C-A3F0-3F95DD1C1071" name="STATUS">
<createdBy>jure0001</createdBy>
<createdTime>2020-05-09 10:16:25 UTC</createdTime>
<ownerDesignName>mau_oraclemodel</ownerDesignName>
<engineerTo>
<item key="6D8EAEAF-4826-975C-F214-55ED56345F7C" value="true"/>
</engineerTo>
<adequatelyNormalized>NO</adequatelyNormalized>
<expectedVolumes>0</expectedVolumes>
<fwdEngineeringStrategyName>Single Table</fwdEngineeringStrategyName>
<growthPercent>0</growthPercent>
<growthType>Year</growthType>
<maxVolumes>9999999</maxVolumes>
<minVolumes>0</minVolumes>
<normalForm>Third</normalForm>
<attributes itemClass="oracle.dbtools.crest.model.design.logical.Attribute">
<Attribute name="date" id="5579B8AC-ABF2-4832-4E4E-F42B6BEB9CC0">
<createdBy>jure0001</createdBy>
<createdTime>2020-05-09 10:16:29 UTC</createdTime>
<commentInRDBMS><![CDATA[Natural key - date the status was issued]]></commentInRDBMS>
<ownerDesignName>mau_oraclemodel</ownerDesignName>
<engineerTo>
<item key="6D8EAEAF-4826-975C-F214-55ED56345F7C" value="true"/>
</engineerTo>
<useDomainConstraints>false</useDomainConstraints>
<use>1</use>
<logicalDatatype>LOGDT007</logicalDatatype>
<ownDataTypeParameters>,,</ownDataTypeParameters>
</Attribute>
<Attribute name="art_status" id="D0E39D1A-4DFC-E526-C721-280F6906A5ED">
<createdBy>jure0001</createdBy>
<createdTime>2020-05-09 10:16:42 UTC</createdTime>
<commentInRDBMS><![CDATA[Natural key - status description of the art]]></commentInRDBMS>
<ownerDesignName>mau_oraclemodel</ownerDesignName>
<engineerTo>
<item key="6D8EAEAF-4826-975C-F214-55ED56345F7C" value="true"/>
</engineerTo>
<useDomainConstraints>false</useDomainConstraints>
<use>1</use>
<logicalDatatype>LOGDT024</logicalDatatype>
<dataTypeSize>150</dataTypeSize>
<ownDataTypeParameters>150,,</ownDataTypeParameters>
</Attribute>
<Attribute name="art_no" id="830E896A-B757-371B-A382-57143483DA5A">
<createdBy>jure0001</createdBy>
<createdTime>2020-05-09 10:54:03 UTC</createdTime>
<commentInRDBMS><![CDATA[Art number for each artist, primary key]]></commentInRDBMS>
<generatorID>B00EA53A-6C6D-5B91-ADA7-86096E44277F</generatorID>
<ownerDesignName>mau_oraclemodel</ownerDesignName>
<engineerTo>
<item key="6D8EAEAF-4826-975C-F214-55ED56345F7C" value="true"/>
</engineerTo>
<referedAttribute>FE5361B4-856A-79D9-240C-9730561528A2</referedAttribute>
<useDomainConstraints>false</useDomainConstraints>
<use>1</use>
<logicalDatatype>LOGDT019</logicalDatatype>
<dataTypePrecision>7</dataTypePrecision>
<ownDataTypeParameters>,,</ownDataTypeParameters>
</Attribute>
<Attribute name="artist_code" id="872D8786-6725-1DFC-EC8F-F7E7585B94BF">
<createdBy>jure0001</createdBy>
<createdTime>2020-05-09 11:11:28 UTC</createdTime>
<commentInRDBMS><![CDATA[Primary key of the artist (identifier)]]></commentInRDBMS>
<generatorID>B00EA53A-6C6D-5B91-ADA7-86096E44277F</generatorID>
<ownerDesignName>mau_oraclemodel</ownerDesignName>
<engineerTo>
<item key="6D8EAEAF-4826-975C-F214-55ED56345F7C" value="true"/>
</engineerTo>
<referedAttribute>9D1F6A10-FB1C-EFB4-BD25-BEC149EAE2CE</referedAttribute>
<useDomainConstraints>false</useDomainConstraints>
<use>1</use>
<logicalDatatype>LOGDT019</logicalDatatype>
<dataTypePrecision>7</dataTypePrecision>
<ownDataTypeParameters>,,</ownDataTypeParameters>
</Attribute>
<Attribute name="gallery_id" id="641FDA2A-CF1E-D6B8-76A6-9FD31670D434">
<createdBy>jure0001</createdBy>
<createdTime>2020-05-09 10:44:49 UTC</createdTime>
<commentInRDBMS><![CDATA[Primary key of the gallery]]></commentInRDBMS>
<generatorID>9DF1D6D5-9261-9D5E-0225-DF7072FAAF90</generatorID>
<ownerDesignName>mau_oraclemodel</ownerDesignName>
<engineerTo>
<item key="6D8EAEAF-4826-975C-F214-55ED56345F7C" value="true"/>
</engineerTo>
<nullsAllowed>true</nullsAllowed>
<referedAttribute>B4A565EE-8486-36AD-CD78-1F03FA2E1102</referedAttribute>
<useDomainConstraints>false</useDomainConstraints>
<use>1</use>
<logicalDatatype>LOGDT019</logicalDatatype>
<dataTypePrecision>7</dataTypePrecision>
<ownDataTypeParameters>,,</ownDataTypeParameters>
</Attribute>
</attributes>
<identifiers itemClass="oracle.dbtools.crest.model.design.logical.CandidateKey">
<identifier id="7EBF88BE-2812-2148-14D2-F920010DFD58" name="STATUS PK">
<createdBy>jure0001</createdBy>
<createdTime>2020-05-09 10:16:34 UTC</createdTime>
<ownerDesignName>mau_oraclemodel</ownerDesignName>
<shouldEngineer>false</shouldEngineer>
<engineerTo>
<item key="6D8EAEAF-4826-975C-F214-55ED56345F7C" value="false"/>
</engineerTo>
<pk>true</pk>
<usedAttributes>
<attributeRef>D0E39D1A-4DFC-E526-C721-280F6906A5ED</attributeRef>
<attributeRef>5579B8AC-ABF2-4832-4E4E-F42B6BEB9CC0</attributeRef>
<attributeRef>830E896A-B757-371B-A382-57143483DA5A</attributeRef>
<attributeRef>872D8786-6725-1DFC-EC8F-F7E7585B94BF</attributeRef>
</usedAttributes>
</identifier>
</identifiers>
</Entity>
