<?xml version = '1.0' encoding = 'UTF-8'?>
<Entity class="oracle.dbtools.crest.model.design.logical.Entity" directorySegmentName="seg_0" id="55FAFE55-2283-1C6F-4CE9-32D8219025AF" name="GALLERY">
<createdBy>jure0001</createdBy>
<createdTime>2020-05-09 10:38:30 UTC</createdTime>
<ownerDesignName>mau_oraclemodel</ownerDesignName>
<engineerTo>
<item key="6D8EAEAF-4826-975C-F214-55ED56345F7C" value="true"/>
</engineerTo>
<adequatelyNormalized>NO</adequatelyNormalized>
<expectedVolumes>0</expectedVolumes>
<fwdEngineeringStrategyName>Single Table</fwdEngineeringStrategyName>
<growthPercent>0</growthPercent>
<growthType>Year</growthType>
<maxVolumes>9999999</maxVolumes>
<minVolumes>0</minVolumes>
<normalForm>Third</normalForm>
<attributes itemClass="oracle.dbtools.crest.model.design.logical.Attribute">
<Attribute name="gallery_id" id="B4A565EE-8486-36AD-CD78-1F03FA2E1102">
<createdBy>jure0001</createdBy>
<createdTime>2020-05-09 10:38:37 UTC</createdTime>
<commentInRDBMS><![CDATA[Primary key of the gallery]]></commentInRDBMS>
<ownerDesignName>mau_oraclemodel</ownerDesignName>
<engineerTo>
<item key="6D8EAEAF-4826-975C-F214-55ED56345F7C" value="true"/>
</engineerTo>
<useDomainConstraints>false</useDomainConstraints>
<use>1</use>
<logicalDatatype>LOGDT019</logicalDatatype>
<dataTypePrecision>7</dataTypePrecision>
<ownDataTypeParameters>,7,</ownDataTypeParameters>
</Attribute>
<Attribute name="gallery_name" id="EAA5C8C3-D175-3724-D7AC-7D1B45C70A11">
<createdBy>jure0001</createdBy>
<createdTime>2020-05-09 10:38:50 UTC</createdTime>
<commentInRDBMS><![CDATA[name of the gallery]]></commentInRDBMS>
<ownerDesignName>mau_oraclemodel</ownerDesignName>
<engineerTo>
<item key="6D8EAEAF-4826-975C-F214-55ED56345F7C" value="true"/>
</engineerTo>
<useDomainConstraints>false</useDomainConstraints>
<use>1</use>
<logicalDatatype>LOGDT024</logicalDatatype>
<dataTypeSize>50</dataTypeSize>
<ownDataTypeParameters>50,,</ownDataTypeParameters>
</Attribute>
<Attribute name="manager_name" id="EAE76B6C-489A-8893-E4AC-67428288E34C">
<createdBy>jure0001</createdBy>
<createdTime>2020-05-09 10:39:17 UTC</createdTime>
<commentInRDBMS><![CDATA[name of the manager]]></commentInRDBMS>
<ownerDesignName>mau_oraclemodel</ownerDesignName>
<engineerTo>
<item key="6D8EAEAF-4826-975C-F214-55ED56345F7C" value="true"/>
</engineerTo>
<useDomainConstraints>false</useDomainConstraints>
<use>1</use>
<logicalDatatype>LOGDT024</logicalDatatype>
<dataTypeSize>50</dataTypeSize>
<ownDataTypeParameters>50,,</ownDataTypeParameters>
</Attribute>
<Attribute name="gallery_str_num" id="2161834A-3EB8-3459-93BB-96B30ADEA078">
<createdBy>jure0001</createdBy>
<createdTime>2020-05-09 10:39:56 UTC</createdTime>
<commentInRDBMS><![CDATA[street number of the gallery]]></commentInRDBMS>
<ownerDesignName>mau_oraclemodel</ownerDesignName>
<engineerTo>
<item key="6D8EAEAF-4826-975C-F214-55ED56345F7C" value="true"/>
</engineerTo>
<useDomainConstraints>false</useDomainConstraints>
<use>1</use>
<logicalDatatype>LOGDT019</logicalDatatype>
<dataTypePrecision>4</dataTypePrecision>
<ownDataTypeParameters>,4,</ownDataTypeParameters>
</Attribute>
<Attribute name="gallery_street" id="722F5B24-1182-0BAA-76CB-E6370442C12A">
<createdBy>jure0001</createdBy>
<createdTime>2020-05-09 10:40:11 UTC</createdTime>
<commentInRDBMS><![CDATA[street name of the gallery]]></commentInRDBMS>
<ownerDesignName>mau_oraclemodel</ownerDesignName>
<engineerTo>
<item key="6D8EAEAF-4826-975C-F214-55ED56345F7C" value="true"/>
</engineerTo>
<useDomainConstraints>false</useDomainConstraints>
<use>1</use>
<logicalDatatype>LOGDT024</logicalDatatype>
<dataTypeSize>30</dataTypeSize>
<ownDataTypeParameters>30,,</ownDataTypeParameters>
</Attribute>
<Attribute name="gallery_town" id="3558189E-6F52-B38B-47C0-DD2A84B374FB">
<createdBy>jure0001</createdBy>
<createdTime>2020-05-09 10:40:40 UTC</createdTime>
<commentInRDBMS><![CDATA[town name of the gallery]]></commentInRDBMS>
<ownerDesignName>mau_oraclemodel</ownerDesignName>
<engineerTo>
<item key="6D8EAEAF-4826-975C-F214-55ED56345F7C" value="true"/>
</engineerTo>
<useDomainConstraints>false</useDomainConstraints>
<use>1</use>
<logicalDatatype>LOGDT024</logicalDatatype>
<dataTypeSize>30</dataTypeSize>
<ownDataTypeParameters>30,,</ownDataTypeParameters>
</Attribute>
<Attribute name="gallery_state" id="115C6CAB-6423-67A7-A538-B7A8353B883C">
<createdBy>jure0001</createdBy>
<createdTime>2020-05-09 10:40:59 UTC</createdTime>
<commentInRDBMS><![CDATA[state name of the gallery]]></commentInRDBMS>
<ownerDesignName>mau_oraclemodel</ownerDesignName>
<engineerTo>
<item key="6D8EAEAF-4826-975C-F214-55ED56345F7C" value="true"/>
</engineerTo>
<useDomainConstraints>false</useDomainConstraints>
<use>1</use>
<logicalDatatype>LOGDT024</logicalDatatype>
<dataTypeSize>30</dataTypeSize>
<ownDataTypeParameters>30,,</ownDataTypeParameters>
</Attribute>
<Attribute name="gallery_phone" id="5FCD2C68-8E01-38AA-E356-0207FC18D8DA">
<createdBy>jure0001</createdBy>
<createdTime>2020-05-09 10:42:25 UTC</createdTime>
<commentInRDBMS><![CDATA[phone number of the gallery]]></commentInRDBMS>
<ownerDesignName>mau_oraclemodel</ownerDesignName>
<engineerTo>
<item key="6D8EAEAF-4826-975C-F214-55ED56345F7C" value="true"/>
</engineerTo>
<useDomainConstraints>false</useDomainConstraints>
<use>1</use>
<logicalDatatype>LOGDT025</logicalDatatype>
<dataTypeSize>10</dataTypeSize>
<ownDataTypeParameters>10,,</ownDataTypeParameters>
</Attribute>
<Attribute name="commission" id="99BDC8C5-FA4F-7B3B-0018-8DCBE114B618">
<createdBy>jure0001</createdBy>
<createdTime>2020-05-09 10:42:45 UTC</createdTime>
<commentInRDBMS><![CDATA[gallery's commission when selling art]]></commentInRDBMS>
<ownerDesignName>mau_oraclemodel</ownerDesignName>
<engineerTo>
<item key="6D8EAEAF-4826-975C-F214-55ED56345F7C" value="true"/>
</engineerTo>
<useDomainConstraints>false</useDomainConstraints>
<use>1</use>
<logicalDatatype>LOGDT019</logicalDatatype>
<dataTypePrecision>3</dataTypePrecision>
<dataTypeScale>2</dataTypeScale>
<ownDataTypeParameters>,3,2</ownDataTypeParameters>
</Attribute>
<Attribute name="gallery_open" id="81C77AED-2326-A342-D7C5-80CD2124E631">
<createdBy>jure0001</createdBy>
<createdTime>2020-05-09 10:43:20 UTC</createdTime>
<commentInRDBMS><![CDATA[time the gallery opens]]></commentInRDBMS>
<ownerDesignName>mau_oraclemodel</ownerDesignName>
<engineerTo>
<item key="6D8EAEAF-4826-975C-F214-55ED56345F7C" value="true"/>
</engineerTo>
<nullsAllowed>true</nullsAllowed>
<useDomainConstraints>false</useDomainConstraints>
<use>1</use>
<logicalDatatype>LOGDT025</logicalDatatype>
<dataTypeSize>5</dataTypeSize>
<ownDataTypeParameters>5,,</ownDataTypeParameters>
</Attribute>
<Attribute name="gallery_closes" id="5DF724AE-1644-8A97-097B-F3E873D10CFB">
<createdBy>jure0001</createdBy>
<createdTime>2020-05-09 10:43:31 UTC</createdTime>
<commentInRDBMS><![CDATA[time the gallery closes]]></commentInRDBMS>
<ownerDesignName>mau_oraclemodel</ownerDesignName>
<engineerTo>
<item key="6D8EAEAF-4826-975C-F214-55ED56345F7C" value="true"/>
</engineerTo>
<nullsAllowed>true</nullsAllowed>
<useDomainConstraints>false</useDomainConstraints>
<use>1</use>
<logicalDatatype>LOGDT025</logicalDatatype>
<dataTypeSize>5</dataTypeSize>
<ownDataTypeParameters>5,,</ownDataTypeParameters>
</Attribute>
</attributes>
<identifiers itemClass="oracle.dbtools.crest.model.design.logical.CandidateKey">
<identifier id="D710936C-A725-C128-B8A7-7A009248F2B3" name="GALLERY PK">
<createdBy>jure0001</createdBy>
<createdTime>2020-05-09 10:38:47 UTC</createdTime>
<ownerDesignName>mau_oraclemodel</ownerDesignName>
<engineerTo>
<item key="6D8EAEAF-4826-975C-F214-55ED56345F7C" value="true"/>
</engineerTo>
<pk>true</pk>
<usedAttributes>
<attributeRef>B4A565EE-8486-36AD-CD78-1F03FA2E1102</attributeRef>
</usedAttributes>
</identifier>
</identifiers>
</Entity>
