<?xml version = '1.0' encoding = 'UTF-8'?>
<Entity class="oracle.dbtools.crest.model.design.logical.Entity" directorySegmentName="seg_0" id="6B3132F1-7CE6-EE5B-8683-170061F251BE" name="CUSTOMER">
<createdBy>jure0001</createdBy>
<createdTime>2020-05-09 10:33:23 UTC</createdTime>
<ownerDesignName>mau_oraclemodel</ownerDesignName>
<engineerTo>
<item key="6D8EAEAF-4826-975C-F214-55ED56345F7C" value="true"/>
</engineerTo>
<adequatelyNormalized>NO</adequatelyNormalized>
<expectedVolumes>0</expectedVolumes>
<fwdEngineeringStrategyName>Single Table</fwdEngineeringStrategyName>
<growthPercent>0</growthPercent>
<growthType>Year</growthType>
<maxVolumes>9999999</maxVolumes>
<minVolumes>0</minVolumes>
<normalForm>Third</normalForm>
<attributes itemClass="oracle.dbtools.crest.model.design.logical.Attribute">
<Attribute name="cust_ID" id="52940D96-4806-BF9A-E3FA-85544CF623EB">
<createdBy>jure0001</createdBy>
<createdTime>2020-05-09 10:34:36 UTC</createdTime>
<commentInRDBMS><![CDATA[Primary key of the customer]]></commentInRDBMS>
<ownerDesignName>mau_oraclemodel</ownerDesignName>
<engineerTo>
<item key="6D8EAEAF-4826-975C-F214-55ED56345F7C" value="true"/>
</engineerTo>
<useDomainConstraints>false</useDomainConstraints>
<use>1</use>
<logicalDatatype>LOGDT019</logicalDatatype>
<dataTypePrecision>7</dataTypePrecision>
<ownDataTypeParameters>,7,</ownDataTypeParameters>
</Attribute>
<Attribute name="cust_name" id="510D44E9-4E10-D883-A18A-7694FEA3F503">
<createdBy>jure0001</createdBy>
<createdTime>2020-05-09 10:35:33 UTC</createdTime>
<commentInRDBMS><![CDATA[Name of the customer]]></commentInRDBMS>
<ownerDesignName>mau_oraclemodel</ownerDesignName>
<engineerTo>
<item key="6D8EAEAF-4826-975C-F214-55ED56345F7C" value="true"/>
</engineerTo>
<useDomainConstraints>false</useDomainConstraints>
<use>1</use>
<logicalDatatype>LOGDT024</logicalDatatype>
<dataTypeSize>50</dataTypeSize>
<ownDataTypeParameters>50,,</ownDataTypeParameters>
</Attribute>
<Attribute name="cust_address" id="2EC27C9A-2165-8BD2-F2F6-DC456846A5FD">
<createdBy>jure0001</createdBy>
<createdTime>2020-05-09 10:36:23 UTC</createdTime>
<commentInRDBMS><![CDATA[address of the customer]]></commentInRDBMS>
<ownerDesignName>mau_oraclemodel</ownerDesignName>
<engineerTo>
<item key="6D8EAEAF-4826-975C-F214-55ED56345F7C" value="true"/>
</engineerTo>
<useDomainConstraints>false</useDomainConstraints>
<use>1</use>
<logicalDatatype>LOGDT024</logicalDatatype>
<dataTypeSize>80</dataTypeSize>
<ownDataTypeParameters>80,,</ownDataTypeParameters>
</Attribute>
<Attribute name="cust_phone" id="CCF8DA5A-6A6B-3BDD-1AA7-1DE6AFC472B1">
<createdBy>jure0001</createdBy>
<createdTime>2020-05-09 10:37:14 UTC</createdTime>
<commentInRDBMS><![CDATA[contact phone number of customer]]></commentInRDBMS>
<ownerDesignName>mau_oraclemodel</ownerDesignName>
<engineerTo>
<item key="6D8EAEAF-4826-975C-F214-55ED56345F7C" value="true"/>
</engineerTo>
<useDomainConstraints>false</useDomainConstraints>
<use>1</use>
<logicalDatatype>LOGDT025</logicalDatatype>
<dataTypeSize>10</dataTypeSize>
<ownDataTypeParameters>10,,</ownDataTypeParameters>
</Attribute>
<Attribute name="business_name" id="C09798B4-22AA-352C-FE8D-E514ED2CEBD7">
<createdBy>jure0001</createdBy>
<createdTime>2020-05-09 10:37:35 UTC</createdTime>
<commentInRDBMS><![CDATA[business name of the customer]]></commentInRDBMS>
<ownerDesignName>mau_oraclemodel</ownerDesignName>
<engineerTo>
<item key="6D8EAEAF-4826-975C-F214-55ED56345F7C" value="true"/>
</engineerTo>
<nullsAllowed>true</nullsAllowed>
<useDomainConstraints>false</useDomainConstraints>
<use>1</use>
<logicalDatatype>LOGDT024</logicalDatatype>
<dataTypeSize>50</dataTypeSize>
<ownDataTypeParameters>50,,</ownDataTypeParameters>
</Attribute>
</attributes>
<identifiers itemClass="oracle.dbtools.crest.model.design.logical.CandidateKey">
<identifier id="B6110504-CFE6-5ADD-3610-61B64AC72FE1" name="CUSTOMER PK">
<createdBy>jure0001</createdBy>
<createdTime>2020-05-09 10:37:09 UTC</createdTime>
<ownerDesignName>mau_oraclemodel</ownerDesignName>
<engineerTo>
<item key="6D8EAEAF-4826-975C-F214-55ED56345F7C" value="true"/>
</engineerTo>
<pk>true</pk>
<usedAttributes>
<attributeRef>52940D96-4806-BF9A-E3FA-85544CF623EB</attributeRef>
</usedAttributes>
</identifier>
</identifiers>
</Entity>
