<?xml version = '1.0' encoding = 'UTF-8'?>
<Entity class="oracle.dbtools.crest.model.design.logical.Entity" directorySegmentName="seg_0" id="7A19E87C-3363-3C9D-6F9F-CA2A5B3C3E10" name="EXHIBITION">
<createdBy>jure0001</createdBy>
<createdTime>2020-05-09 09:05:41 UTC</createdTime>
<ownerDesignName>mau_oraclemodel</ownerDesignName>
<engineerTo>
<item key="6D8EAEAF-4826-975C-F214-55ED56345F7C" value="true"/>
</engineerTo>
<adequatelyNormalized>NO</adequatelyNormalized>
<expectedVolumes>0</expectedVolumes>
<fwdEngineeringStrategyName>Single Table</fwdEngineeringStrategyName>
<growthPercent>0</growthPercent>
<growthType>Year</growthType>
<maxVolumes>9999999</maxVolumes>
<minVolumes>0</minVolumes>
<normalForm>Third</normalForm>
<attributes itemClass="oracle.dbtools.crest.model.design.logical.Attribute">
<Attribute name="exhibition_id" id="0C67C296-5413-5E70-5378-CFCA4EC6E274">
<createdBy>jure0001</createdBy>
<createdTime>2020-05-09 11:04:37 UTC</createdTime>
<commentInRDBMS><![CDATA[Surrogate key]]></commentInRDBMS>
<ownerDesignName>mau_oraclemodel</ownerDesignName>
<engineerTo>
<item key="6D8EAEAF-4826-975C-F214-55ED56345F7C" value="true"/>
</engineerTo>
<useDomainConstraints>false</useDomainConstraints>
<use>1</use>
<logicalDatatype>LOGDT019</logicalDatatype>
<dataTypePrecision>7</dataTypePrecision>
<ownDataTypeParameters>,7,</ownDataTypeParameters>
</Attribute>
<Attribute name="artist_code" id="26D81374-5E3C-2B8B-724B-DA0CA7264C91">
<createdBy>jure0001</createdBy>
<createdTime>2020-05-09 12:03:55 UTC</createdTime>
<commentInRDBMS><![CDATA[Primary key of the artist (identifier)]]></commentInRDBMS>
<generatorID>64E4B4DF-BEE2-121F-9077-36BF3024B8F2</generatorID>
<ownerDesignName>mau_oraclemodel</ownerDesignName>
<engineerTo>
<item key="6D8EAEAF-4826-975C-F214-55ED56345F7C" value="true"/>
</engineerTo>
<referedAttribute>9D1F6A10-FB1C-EFB4-BD25-BEC149EAE2CE</referedAttribute>
<useDomainConstraints>false</useDomainConstraints>
<use>1</use>
<logicalDatatype>LOGDT019</logicalDatatype>
<dataTypePrecision>7</dataTypePrecision>
<ownDataTypeParameters>,,</ownDataTypeParameters>
</Attribute>
<Attribute name="art_no" id="3FB28AC7-8B49-1B82-FAD5-9F8AE7DAE629">
<createdBy>jure0001</createdBy>
<createdTime>2020-05-09 12:03:55 UTC</createdTime>
<commentInRDBMS><![CDATA[Art number for each artist, primary key]]></commentInRDBMS>
<generatorID>64E4B4DF-BEE2-121F-9077-36BF3024B8F2</generatorID>
<ownerDesignName>mau_oraclemodel</ownerDesignName>
<engineerTo>
<item key="6D8EAEAF-4826-975C-F214-55ED56345F7C" value="true"/>
</engineerTo>
<referedAttribute>FE5361B4-856A-79D9-240C-9730561528A2</referedAttribute>
<useDomainConstraints>false</useDomainConstraints>
<use>1</use>
<logicalDatatype>LOGDT019</logicalDatatype>
<dataTypePrecision>7</dataTypePrecision>
<ownDataTypeParameters>,,</ownDataTypeParameters>
</Attribute>
<Attribute name="gallery_id" id="B9A9375D-EF6D-D550-75AC-F0EF40782157">
<createdBy>jure0001</createdBy>
<createdTime>2020-05-09 12:04:34 UTC</createdTime>
<commentInRDBMS><![CDATA[Primary key of the gallery]]></commentInRDBMS>
<generatorID>87515F89-BD9F-8A15-C29D-725A2300AB29</generatorID>
<ownerDesignName>mau_oraclemodel</ownerDesignName>
<engineerTo>
<item key="6D8EAEAF-4826-975C-F214-55ED56345F7C" value="true"/>
</engineerTo>
<referedAttribute>B4A565EE-8486-36AD-CD78-1F03FA2E1102</referedAttribute>
<useDomainConstraints>false</useDomainConstraints>
<use>1</use>
<logicalDatatype>LOGDT019</logicalDatatype>
<dataTypePrecision>7</dataTypePrecision>
<ownDataTypeParameters>,,</ownDataTypeParameters>
</Attribute>
<Attribute name="date_exh_start" id="CFEB514B-45C1-199E-69F2-4E096C8301F1">
<createdBy>jure0001</createdBy>
<createdTime>2020-05-09 09:06:04 UTC</createdTime>
<commentInRDBMS><![CDATA[The date the exhibition started]]></commentInRDBMS>
<ownerDesignName>mau_oraclemodel</ownerDesignName>
<engineerTo>
<item key="6D8EAEAF-4826-975C-F214-55ED56345F7C" value="true"/>
</engineerTo>
<useDomainConstraints>false</useDomainConstraints>
<use>1</use>
<logicalDatatype>LOGDT007</logicalDatatype>
<ownDataTypeParameters>,,</ownDataTypeParameters>
</Attribute>
<Attribute name="date_exh_end" id="49C61C46-8321-E213-2F64-8A8BAC852CE8">
<createdBy>jure0001</createdBy>
<createdTime>2020-05-09 09:06:25 UTC</createdTime>
<commentInRDBMS><![CDATA[When the exhibition will end]]></commentInRDBMS>
<ownerDesignName>mau_oraclemodel</ownerDesignName>
<engineerTo>
<item key="6D8EAEAF-4826-975C-F214-55ED56345F7C" value="true"/>
</engineerTo>
<useDomainConstraints>false</useDomainConstraints>
<use>1</use>
<logicalDatatype>LOGDT007</logicalDatatype>
<ownDataTypeParameters>,,</ownDataTypeParameters>
</Attribute>
</attributes>
<identifiers itemClass="oracle.dbtools.crest.model.design.logical.CandidateKey">
<identifier id="DEB6D8ED-4488-4011-E1F7-CF7AD9A2BF1E" name="EXHIBITION PK">
<createdBy>jure0001</createdBy>
<createdTime>2020-05-09 09:10:39 UTC</createdTime>
<ownerDesignName>mau_oraclemodel</ownerDesignName>
<shouldEngineer>false</shouldEngineer>
<engineerTo>
<item key="6D8EAEAF-4826-975C-F214-55ED56345F7C" value="false"/>
</engineerTo>
<pk>true</pk>
<newElementsIDs>0C67C296-5413-5E70-5378-CFCA4EC6E274</newElementsIDs>
<usedAttributes>
<attributeRef>0C67C296-5413-5E70-5378-CFCA4EC6E274</attributeRef>
</usedAttributes>
</identifier>
<identifier id="45023A35-4EA0-77A6-D3AA-D5C5B374DC79" name="exh_newkey">
<createdBy>jure0001</createdBy>
<createdTime>2020-05-09 12:06:18 UTC</createdTime>
<ownerDesignName>mau_oraclemodel</ownerDesignName>
<engineerTo>
<item key="6D8EAEAF-4826-975C-F214-55ED56345F7C" value="true"/>
</engineerTo>
<newElementsIDs>64E4B4DF-BEE2-121F-9077-36BF3024B8F2,87515F89-BD9F-8A15-C29D-725A2300AB29</newElementsIDs>
<usedAttributes>
<attributeRef>3FB28AC7-8B49-1B82-FAD5-9F8AE7DAE629</attributeRef>
<attributeRef>26D81374-5E3C-2B8B-724B-DA0CA7264C91</attributeRef>
<attributeRef>B9A9375D-EF6D-D550-75AC-F0EF40782157</attributeRef>
</usedAttributes>
</identifier>
</identifiers>
</Entity>
