<?xml version = '1.0' encoding = 'UTF-8'?>
<Entity class="oracle.dbtools.crest.model.design.logical.Entity" directorySegmentName="seg_0" id="8CC0E3D8-020C-D29B-33E2-6CA37C017C1C" name="ART">
<createdBy>jure0001</createdBy>
<createdTime>2020-05-09 10:49:20 UTC</createdTime>
<ownerDesignName>mau_oraclemodel</ownerDesignName>
<engineerTo>
<item key="6D8EAEAF-4826-975C-F214-55ED56345F7C" value="true"/>
</engineerTo>
<adequatelyNormalized>NO</adequatelyNormalized>
<expectedVolumes>0</expectedVolumes>
<fwdEngineeringStrategyName>Single Table</fwdEngineeringStrategyName>
<growthPercent>0</growthPercent>
<growthType>Year</growthType>
<maxVolumes>9999999</maxVolumes>
<minVolumes>0</minVolumes>
<normalForm>Third</normalForm>
<attributes itemClass="oracle.dbtools.crest.model.design.logical.Attribute">
<Attribute name="art_no" id="FE5361B4-856A-79D9-240C-9730561528A2">
<createdBy>jure0001</createdBy>
<createdTime>2020-05-09 10:49:26 UTC</createdTime>
<commentInRDBMS><![CDATA[Art number for each artist, primary key]]></commentInRDBMS>
<ownerDesignName>mau_oraclemodel</ownerDesignName>
<engineerTo>
<item key="6D8EAEAF-4826-975C-F214-55ED56345F7C" value="true"/>
</engineerTo>
<useDomainConstraints>false</useDomainConstraints>
<use>1</use>
<logicalDatatype>LOGDT019</logicalDatatype>
<dataTypePrecision>7</dataTypePrecision>
<ownDataTypeParameters>,7,</ownDataTypeParameters>
</Attribute>
<Attribute name="artist_code" id="9D1F6A10-FB1C-EFB4-BD25-BEC149EAE2CE">
<createdBy>jure0001</createdBy>
<createdTime>2020-05-09 10:51:23 UTC</createdTime>
<commentInRDBMS><![CDATA[Primary key of the artist (identifier)]]></commentInRDBMS>
<generatorID>D7C63244-080A-AE16-606F-E74BAF600022</generatorID>
<ownerDesignName>mau_oraclemodel</ownerDesignName>
<engineerTo>
<item key="6D8EAEAF-4826-975C-F214-55ED56345F7C" value="true"/>
</engineerTo>
<referedAttribute>94E90D9F-0F82-66AE-4B0E-2712B8187297</referedAttribute>
<useDomainConstraints>false</useDomainConstraints>
<use>1</use>
<logicalDatatype>LOGDT019</logicalDatatype>
<dataTypePrecision>7</dataTypePrecision>
<ownDataTypeParameters>,,</ownDataTypeParameters>
</Attribute>
<Attribute name="art_title" id="FE971A1B-D735-E807-8B64-213A9D6C2827">
<createdBy>jure0001</createdBy>
<createdTime>2020-05-09 10:49:45 UTC</createdTime>
<commentInRDBMS><![CDATA[Title of the artwork]]></commentInRDBMS>
<ownerDesignName>mau_oraclemodel</ownerDesignName>
<engineerTo>
<item key="6D8EAEAF-4826-975C-F214-55ED56345F7C" value="true"/>
</engineerTo>
<useDomainConstraints>false</useDomainConstraints>
<use>1</use>
<logicalDatatype>LOGDT025</logicalDatatype>
<dataTypeSize>3</dataTypeSize>
<ownDataTypeParameters>3,,</ownDataTypeParameters>
</Attribute>
<Attribute name="date_added" id="DC74DC4C-4376-0288-9C40-AC3E4F2B8B1A">
<createdBy>jure0001</createdBy>
<createdTime>2020-05-09 10:50:02 UTC</createdTime>
<commentInRDBMS><![CDATA[Date the artwork was accepted into the MAU]]></commentInRDBMS>
<ownerDesignName>mau_oraclemodel</ownerDesignName>
<engineerTo>
<item key="6D8EAEAF-4826-975C-F214-55ED56345F7C" value="true"/>
</engineerTo>
<useDomainConstraints>false</useDomainConstraints>
<use>1</use>
<logicalDatatype>LOGDT007</logicalDatatype>
<ownDataTypeParameters>,,</ownDataTypeParameters>
</Attribute>
<Attribute name="min_price" id="BB8B338A-919F-DB36-C684-4B42B820E88A">
<createdBy>jure0001</createdBy>
<createdTime>2020-05-09 10:50:18 UTC</createdTime>
<commentInRDBMS><![CDATA[Minimum price of the artwork]]></commentInRDBMS>
<ownerDesignName>mau_oraclemodel</ownerDesignName>
<engineerTo>
<item key="6D8EAEAF-4826-975C-F214-55ED56345F7C" value="true"/>
</engineerTo>
<nullsAllowed>true</nullsAllowed>
<useDomainConstraints>false</useDomainConstraints>
<use>1</use>
<logicalDatatype>LOGDT019</logicalDatatype>
<dataTypePrecision>10</dataTypePrecision>
<dataTypeScale>2</dataTypeScale>
<ownDataTypeParameters>,10,2</ownDataTypeParameters>
</Attribute>
<Attribute name="media_desc" id="2218F537-6242-CDE3-36BE-CC90F69404C4">
<createdBy>jure0001</createdBy>
<createdTime>2020-05-09 10:50:34 UTC</createdTime>
<commentInRDBMS><![CDATA[Media description of the artwork]]></commentInRDBMS>
<ownerDesignName>mau_oraclemodel</ownerDesignName>
<engineerTo>
<item key="6D8EAEAF-4826-975C-F214-55ED56345F7C" value="true"/>
</engineerTo>
<nullsAllowed>true</nullsAllowed>
<useDomainConstraints>false</useDomainConstraints>
<use>1</use>
<logicalDatatype>LOGDT024</logicalDatatype>
<dataTypeSize>150</dataTypeSize>
<ownDataTypeParameters>150,,</ownDataTypeParameters>
</Attribute>
<Attribute name="assigned_style" id="8160FFB2-7627-B170-F1C3-5C5179C8DDB6">
<createdBy>jure0001</createdBy>
<createdTime>2020-05-09 11:39:33 UTC</createdTime>
<commentInRDBMS><![CDATA[Style to be assigned to the artwork - Primary key]]></commentInRDBMS>
<generatorID>413CF278-037A-2058-64ED-DA46DDAAE738</generatorID>
<ownerDesignName>mau_oraclemodel</ownerDesignName>
<engineerTo>
<item key="6D8EAEAF-4826-975C-F214-55ED56345F7C" value="true"/>
</engineerTo>
<referedAttribute>99F6DEF5-147D-9127-30B0-1EC88D0C8F73</referedAttribute>
<useDomainConstraints>false</useDomainConstraints>
<use>1</use>
<logicalDatatype>LOGDT024</logicalDatatype>
<dataTypeSize>30</dataTypeSize>
<ownDataTypeParameters>,,</ownDataTypeParameters>
</Attribute>
</attributes>
<identifiers itemClass="oracle.dbtools.crest.model.design.logical.CandidateKey">
<identifier id="2F7769FC-DED9-40A2-77DD-7E226B2D0B6D" name="ART PK">
<createdBy>jure0001</createdBy>
<createdTime>2020-05-09 10:49:44 UTC</createdTime>
<ownerDesignName>mau_oraclemodel</ownerDesignName>
<shouldEngineer>false</shouldEngineer>
<engineerTo>
<item key="6D8EAEAF-4826-975C-F214-55ED56345F7C" value="false"/>
</engineerTo>
<pk>true</pk>
<usedAttributes>
<attributeRef>FE5361B4-856A-79D9-240C-9730561528A2</attributeRef>
<attributeRef>9D1F6A10-FB1C-EFB4-BD25-BEC149EAE2CE</attributeRef>
</usedAttributes>
</identifier>
</identifiers>
</Entity>
