<?xml version = '1.0' encoding = 'UTF-8'?>
<Entity class="oracle.dbtools.crest.model.design.logical.Entity" directorySegmentName="seg_0" id="A675CC25-A6B5-6034-117F-9D54920F3E15" name="STYLES">
<createdBy>jure0001</createdBy>
<createdTime>2020-05-09 11:29:29 UTC</createdTime>
<ownerDesignName>mau_oraclemodel</ownerDesignName>
<engineerTo>
<item key="6D8EAEAF-4826-975C-F214-55ED56345F7C" value="true"/>
</engineerTo>
<adequatelyNormalized>NO</adequatelyNormalized>
<expectedVolumes>0</expectedVolumes>
<fwdEngineeringStrategyName>Single Table</fwdEngineeringStrategyName>
<growthPercent>0</growthPercent>
<growthType>Year</growthType>
<maxVolumes>9999999</maxVolumes>
<minVolumes>0</minVolumes>
<normalForm>Third</normalForm>
<attributes itemClass="oracle.dbtools.crest.model.design.logical.Attribute">
<Attribute name="assigned_style" id="99F6DEF5-147D-9127-30B0-1EC88D0C8F73">
<createdBy>jure0001</createdBy>
<createdTime>2020-05-09 11:29:34 UTC</createdTime>
<commentInRDBMS><![CDATA[Style to be assigned to the artwork - Primary key]]></commentInRDBMS>
<ownerDesignName>mau_oraclemodel</ownerDesignName>
<engineerTo>
<item key="6D8EAEAF-4826-975C-F214-55ED56345F7C" value="true"/>
</engineerTo>
<useDomainConstraints>false</useDomainConstraints>
<use>1</use>
<logicalDatatype>LOGDT024</logicalDatatype>
<dataTypeSize>30</dataTypeSize>
<ownDataTypeParameters>30,,</ownDataTypeParameters>
</Attribute>
<Attribute name="parent_style" id="EC4D40FE-434F-80D8-E280-C32727C8F2C8">
<createdBy>jure0001</createdBy>
<createdTime>2020-05-09 11:30:19 UTC</createdTime>
<commentInRDBMS><![CDATA[Style to be assigned to the artwork - Primary key]]></commentInRDBMS>
<generatorID>1652432A-A367-E4B5-DD4E-D88B4E50C14A</generatorID>
<ownerDesignName>mau_oraclemodel</ownerDesignName>
<engineerTo>
<item key="6D8EAEAF-4826-975C-F214-55ED56345F7C" value="true"/>
</engineerTo>
<nullsAllowed>true</nullsAllowed>
<referedAttribute>99F6DEF5-147D-9127-30B0-1EC88D0C8F73</referedAttribute>
<useDomainConstraints>false</useDomainConstraints>
<use>1</use>
<logicalDatatype>LOGDT024</logicalDatatype>
<dataTypeSize>30</dataTypeSize>
<ownDataTypeParameters>30,,</ownDataTypeParameters>
</Attribute>
</attributes>
<identifiers itemClass="oracle.dbtools.crest.model.design.logical.CandidateKey">
<identifier id="CA318BE3-E2AB-D864-906B-9C9A585D7D1C" name="STYLE PK">
<createdBy>jure0001</createdBy>
<createdTime>2020-05-09 11:30:03 UTC</createdTime>
<ownerDesignName>mau_oraclemodel</ownerDesignName>
<shouldEngineer>false</shouldEngineer>
<engineerTo>
<item key="6D8EAEAF-4826-975C-F214-55ED56345F7C" value="false"/>
</engineerTo>
<pk>true</pk>
<usedAttributes>
<attributeRef>99F6DEF5-147D-9127-30B0-1EC88D0C8F73</attributeRef>
</usedAttributes>
</identifier>
</identifiers>
</Entity>
