<?xml version = '1.0' encoding = 'UTF-8'?>
<Entity class="oracle.dbtools.crest.model.design.logical.Entity" directorySegmentName="seg_0" id="BBEEC921-42AA-ED5D-4B2C-859B348CE2CE" name="ARTIST">
<createdBy>jure0001</createdBy>
<createdTime>2020-05-09 06:53:23 UTC</createdTime>
<ownerDesignName>mau_oraclemodel</ownerDesignName>
<engineerTo>
<item key="6D8EAEAF-4826-975C-F214-55ED56345F7C" value="true"/>
</engineerTo>
<adequatelyNormalized>NO</adequatelyNormalized>
<expectedVolumes>0</expectedVolumes>
<fwdEngineeringStrategyName>Single Table</fwdEngineeringStrategyName>
<growthPercent>0</growthPercent>
<growthType>Year</growthType>
<maxVolumes>9999999</maxVolumes>
<minVolumes>0</minVolumes>
<normalForm>Third</normalForm>
<attributes itemClass="oracle.dbtools.crest.model.design.logical.Attribute">
<Attribute name="artist_code" id="94E90D9F-0F82-66AE-4B0E-2712B8187297">
<createdBy>jure0001</createdBy>
<createdTime>2020-05-09 06:57:50 UTC</createdTime>
<commentInRDBMS><![CDATA[Primary key of the artist (identifier)]]></commentInRDBMS>
<ownerDesignName>mau_oraclemodel</ownerDesignName>
<engineerTo>
<item key="6D8EAEAF-4826-975C-F214-55ED56345F7C" value="true"/>
</engineerTo>
<useDomainConstraints>false</useDomainConstraints>
<use>1</use>
<logicalDatatype>LOGDT019</logicalDatatype>
<dataTypePrecision>7</dataTypePrecision>
<ownDataTypeParameters>,7,</ownDataTypeParameters>
</Attribute>
<Attribute name="artist_name" id="97AC8CC5-8C5A-8F17-18F1-BE672F8E64CC">
<createdBy>jure0001</createdBy>
<createdTime>2020-05-09 06:58:23 UTC</createdTime>
<commentInRDBMS><![CDATA[name of the artist]]></commentInRDBMS>
<ownerDesignName>mau_oraclemodel</ownerDesignName>
<engineerTo>
<item key="6D8EAEAF-4826-975C-F214-55ED56345F7C" value="true"/>
</engineerTo>
<useDomainConstraints>false</useDomainConstraints>
<use>1</use>
<logicalDatatype>LOGDT024</logicalDatatype>
<dataTypeSize>50</dataTypeSize>
<ownDataTypeParameters>50,,</ownDataTypeParameters>
</Attribute>
<Attribute name="contact_address" id="7CEEB0E5-1180-A5EC-98D5-78367E24860E">
<createdBy>jure0001</createdBy>
<createdTime>2020-05-09 07:00:27 UTC</createdTime>
<commentInRDBMS><![CDATA[address to contact artist]]></commentInRDBMS>
<ownerDesignName>mau_oraclemodel</ownerDesignName>
<engineerTo>
<item key="6D8EAEAF-4826-975C-F214-55ED56345F7C" value="true"/>
</engineerTo>
<useDomainConstraints>false</useDomainConstraints>
<use>1</use>
<logicalDatatype>LOGDT024</logicalDatatype>
<dataTypeSize>80</dataTypeSize>
<ownDataTypeParameters>80,,</ownDataTypeParameters>
</Attribute>
<Attribute name="artist_phone" id="D5035D83-C49B-0BB8-289C-CCFF92DAF6B1">
<createdBy>jure0001</createdBy>
<createdTime>2020-05-09 07:00:41 UTC</createdTime>
<commentInRDBMS><![CDATA[phone number of artist]]></commentInRDBMS>
<ownerDesignName>mau_oraclemodel</ownerDesignName>
<engineerTo>
<item key="6D8EAEAF-4826-975C-F214-55ED56345F7C" value="true"/>
</engineerTo>
<useDomainConstraints>false</useDomainConstraints>
<use>1</use>
<logicalDatatype>LOGDT025</logicalDatatype>
<dataTypeSize>10</dataTypeSize>
<ownDataTypeParameters>10,,</ownDataTypeParameters>
</Attribute>
<Attribute name="stock_on_hand" id="2A30D1E8-7332-B662-0B56-BC0446CE4DE2">
<createdBy>jure0001</createdBy>
<createdTime>2020-05-09 07:00:58 UTC</createdTime>
<commentInRDBMS><![CDATA[number of art stock artist has]]></commentInRDBMS>
<ownerDesignName>mau_oraclemodel</ownerDesignName>
<engineerTo>
<item key="6D8EAEAF-4826-975C-F214-55ED56345F7C" value="true"/>
</engineerTo>
<useDomainConstraints>false</useDomainConstraints>
<use>1</use>
<logicalDatatype>LOGDT019</logicalDatatype>
<dataTypePrecision>4</dataTypePrecision>
<ownDataTypeParameters>,4,</ownDataTypeParameters>
</Attribute>
</attributes>
<identifiers itemClass="oracle.dbtools.crest.model.design.logical.CandidateKey">
<identifier id="A7B4B0F5-0644-54B6-FD96-61421AD929B6" name="ARTIST PK">
<createdBy>jure0001</createdBy>
<createdTime>2020-05-09 07:01:35 UTC</createdTime>
<ownerDesignName>mau_oraclemodel</ownerDesignName>
<engineerTo>
<item key="6D8EAEAF-4826-975C-F214-55ED56345F7C" value="true"/>
</engineerTo>
<pk>true</pk>
<usedAttributes>
<attributeRef>94E90D9F-0F82-66AE-4B0E-2712B8187297</attributeRef>
</usedAttributes>
</identifier>
</identifiers>
</Entity>
