<?xml version = '1.0' encoding = 'UTF-8'?>
<Entity class="oracle.dbtools.crest.model.design.logical.Entity" directorySegmentName="seg_0" id="DE006734-8584-AF5E-2868-78338E5F2363" name="SALE">
<createdBy>jure0001</createdBy>
<createdTime>2020-05-09 10:30:51 UTC</createdTime>
<ownerDesignName>mau_oraclemodel</ownerDesignName>
<engineerTo>
<item key="6D8EAEAF-4826-975C-F214-55ED56345F7C" value="true"/>
</engineerTo>
<adequatelyNormalized>NO</adequatelyNormalized>
<expectedVolumes>0</expectedVolumes>
<fwdEngineeringStrategyName>Single Table</fwdEngineeringStrategyName>
<growthPercent>0</growthPercent>
<growthType>Year</growthType>
<maxVolumes>9999999</maxVolumes>
<minVolumes>0</minVolumes>
<normalForm>Third</normalForm>
<attributes itemClass="oracle.dbtools.crest.model.design.logical.Attribute">
<Attribute name="sale_id" id="1ED2EE42-E6EB-A53E-BE5F-707CD6E55CC0">
<createdBy>jure0001</createdBy>
<createdTime>2020-05-09 10:31:18 UTC</createdTime>
<commentInRDBMS><![CDATA[Primary key of the sale]]></commentInRDBMS>
<ownerDesignName>mau_oraclemodel</ownerDesignName>
<engineerTo>
<item key="6D8EAEAF-4826-975C-F214-55ED56345F7C" value="true"/>
</engineerTo>
<useDomainConstraints>false</useDomainConstraints>
<use>1</use>
<logicalDatatype>LOGDT019</logicalDatatype>
<dataTypePrecision>7</dataTypePrecision>
<ownDataTypeParameters>,7,</ownDataTypeParameters>
</Attribute>
<Attribute name="sale_date" id="E5CB57ED-3E77-7C9E-372D-F7B6553A0F24">
<createdBy>jure0001</createdBy>
<createdTime>2020-05-09 10:31:37 UTC</createdTime>
<commentInRDBMS><![CDATA[Date of sale]]></commentInRDBMS>
<ownerDesignName>mau_oraclemodel</ownerDesignName>
<engineerTo>
<item key="6D8EAEAF-4826-975C-F214-55ED56345F7C" value="true"/>
</engineerTo>
<nullsAllowed>true</nullsAllowed>
<useDomainConstraints>false</useDomainConstraints>
<use>1</use>
<logicalDatatype>LOGDT007</logicalDatatype>
<ownDataTypeParameters>,,</ownDataTypeParameters>
</Attribute>
<Attribute name="sale_price" id="D533ECDB-3439-753F-DB01-B34CC45EDBEB">
<createdBy>jure0001</createdBy>
<createdTime>2020-05-09 10:31:51 UTC</createdTime>
<commentInRDBMS><![CDATA[Price the artwork was sold for]]></commentInRDBMS>
<ownerDesignName>mau_oraclemodel</ownerDesignName>
<engineerTo>
<item key="6D8EAEAF-4826-975C-F214-55ED56345F7C" value="true"/>
</engineerTo>
<nullsAllowed>true</nullsAllowed>
<useDomainConstraints>false</useDomainConstraints>
<use>1</use>
<logicalDatatype>LOGDT019</logicalDatatype>
<dataTypePrecision>10</dataTypePrecision>
<dataTypeScale>2</dataTypeScale>
<ownDataTypeParameters>,10,2</ownDataTypeParameters>
</Attribute>
<Attribute name="exhibition_id" id="A3EA9612-93D5-8080-23ED-25265C3940E0">
<createdBy>jure0001</createdBy>
<createdTime>2020-05-09 11:13:17 UTC</createdTime>
<commentInRDBMS><![CDATA[Surrogate key]]></commentInRDBMS>
<generatorID>35F19EC2-BC9D-4ED8-93D8-0023BE81D765</generatorID>
<ownerDesignName>mau_oraclemodel</ownerDesignName>
<engineerTo>
<item key="6D8EAEAF-4826-975C-F214-55ED56345F7C" value="true"/>
</engineerTo>
<referedAttribute>0C67C296-5413-5E70-5378-CFCA4EC6E274</referedAttribute>
<useDomainConstraints>false</useDomainConstraints>
<use>1</use>
<logicalDatatype>LOGDT019</logicalDatatype>
<dataTypePrecision>7</dataTypePrecision>
<ownDataTypeParameters>,,</ownDataTypeParameters>
</Attribute>
<Attribute name="cust_ID" id="EA5F6B1D-A530-F1A7-F3AC-F5589329DDE0">
<createdBy>jure0001</createdBy>
<createdTime>2020-05-09 11:18:58 UTC</createdTime>
<commentInRDBMS><![CDATA[Primary key of the customer]]></commentInRDBMS>
<generatorID>3D515DB9-3068-22CA-6412-DE29181D84D2</generatorID>
<ownerDesignName>mau_oraclemodel</ownerDesignName>
<engineerTo>
<item key="6D8EAEAF-4826-975C-F214-55ED56345F7C" value="true"/>
</engineerTo>
<referedAttribute>52940D96-4806-BF9A-E3FA-85544CF623EB</referedAttribute>
<useDomainConstraints>false</useDomainConstraints>
<use>1</use>
<logicalDatatype>LOGDT019</logicalDatatype>
<dataTypePrecision>7</dataTypePrecision>
<ownDataTypeParameters>,,</ownDataTypeParameters>
</Attribute>
</attributes>
<identifiers itemClass="oracle.dbtools.crest.model.design.logical.CandidateKey">
<identifier id="BCFEC6AE-E6BD-E71F-8738-FA7E5D32E953" name="SALE PK">
<createdBy>jure0001</createdBy>
<createdTime>2020-05-09 10:31:22 UTC</createdTime>
<ownerDesignName>mau_oraclemodel</ownerDesignName>
<engineerTo>
<item key="6D8EAEAF-4826-975C-F214-55ED56345F7C" value="true"/>
</engineerTo>
<pk>true</pk>
<usedAttributes>
<attributeRef>1ED2EE42-E6EB-A53E-BE5F-707CD6E55CC0</attributeRef>
</usedAttributes>
</identifier>
</identifiers>
</Entity>
