<?xml version = '1.0' encoding = 'UTF-8'?>
<Relation class="oracle.dbtools.crest.model.design.logical.Relation" name="CHILD_PARENT_STYLE" directorySegmentName="seg_0" id="1652432A-A367-E4B5-DD4E-D88B4E50C14A">
<createdBy>jure0001</createdBy>
<createdTime>2020-05-09 11:30:19 UTC</createdTime>
<ownerDesignName>mau_oraclemodel</ownerDesignName>
<engineerTo>
<item key="6D8EAEAF-4826-975C-F214-55ED56345F7C" value="true"/>
</engineerTo>
<targetPk>CA318BE3-E2AB-D864-906B-9C9A585D7D1C</targetPk>
<identifying>false</identifying>
<nameOnSource>depicts</nameOnSource>
<optionalSource>true</optionalSource>
<optionalTarget>false</optionalTarget>
<sourceCardinality>1</sourceCardinality>
<sourceEntity>A675CC25-A6B5-6034-117F-9D54920F3E15</sourceEntity>
<targetCardinalityString>*</targetCardinalityString>
<targetEntity>A675CC25-A6B5-6034-117F-9D54920F3E15</targetEntity>
<transferable>true</transferable>
<deleteRule>NO ACTION</deleteRule>
</Relation>
