<?xml version = '1.0' encoding = 'UTF-8'?>
<Relation class="oracle.dbtools.crest.model.design.logical.Relation" name="EXHIBITION_SALE" directorySegmentName="seg_0" id="35F19EC2-BC9D-4ED8-93D8-0023BE81D765">
<createdBy>jure0001</createdBy>
<createdTime>2020-05-09 11:12:17 UTC</createdTime>
<ownerDesignName>mau_oraclemodel</ownerDesignName>
<engineerTo>
<item key="6D8EAEAF-4826-975C-F214-55ED56345F7C" value="true"/>
</engineerTo>
<sourcePk>BCFEC6AE-E6BD-E71F-8738-FA7E5D32E953</sourcePk>
<targetPk>DEB6D8ED-4488-4011-E1F7-CF7AD9A2BF1E</targetPk>
<identifying>false</identifying>
<nameOnSource>makes</nameOnSource>
<optionalSource>false</optionalSource>
<optionalTarget>true</optionalTarget>
<sourceCardinality>1</sourceCardinality>
<sourceEntity>DE006734-8584-AF5E-2868-78338E5F2363</sourceEntity>
<targetCardinalityString>1</targetCardinalityString>
<targetEntity>7A19E87C-3363-3C9D-6F9F-CA2A5B3C3E10</targetEntity>
<transferable>true</transferable>
<deleteRule>NO ACTION</deleteRule>
</Relation>
