<?xml version = '1.0' encoding = 'UTF-8'?>
<Relation class="oracle.dbtools.crest.model.design.logical.Relation" name="CUSTOMER_SALE" directorySegmentName="seg_0" id="3D515DB9-3068-22CA-6412-DE29181D84D2">
<createdBy>jure0001</createdBy>
<createdTime>2020-05-09 11:18:58 UTC</createdTime>
<ownerDesignName>mau_oraclemodel</ownerDesignName>
<engineerTo>
<item key="6D8EAEAF-4826-975C-F214-55ED56345F7C" value="true"/>
</engineerTo>
<sourcePk>B6110504-CFE6-5ADD-3610-61B64AC72FE1</sourcePk>
<identifying>false</identifying>
<nameOnSource>drives</nameOnSource>
<optionalSource>true</optionalSource>
<optionalTarget>false</optionalTarget>
<sourceCardinality>1</sourceCardinality>
<sourceEntity>6B3132F1-7CE6-EE5B-8683-170061F251BE</sourceEntity>
<targetCardinalityString>*</targetCardinalityString>
<targetEntity>DE006734-8584-AF5E-2868-78338E5F2363</targetEntity>
<transferable>true</transferable>
<deleteRule>NO ACTION</deleteRule>
</Relation>
