<?xml version = '1.0' encoding = 'UTF-8'?>
<Relation class="oracle.dbtools.crest.model.design.logical.Relation" name="ART_STYLE" directorySegmentName="seg_0" id="413CF278-037A-2058-64ED-DA46DDAAE738">
<createdBy>jure0001</createdBy>
<createdTime>2020-05-09 11:39:33 UTC</createdTime>
<ownerDesignName>mau_oraclemodel</ownerDesignName>
<engineerTo>
<item key="6D8EAEAF-4826-975C-F214-55ED56345F7C" value="true"/>
</engineerTo>
<sourcePk>CA318BE3-E2AB-D864-906B-9C9A585D7D1C</sourcePk>
<identifying>false</identifying>
<nameOnSource>has</nameOnSource>
<optionalSource>true</optionalSource>
<optionalTarget>false</optionalTarget>
<sourceCardinality>1</sourceCardinality>
<sourceEntity>A675CC25-A6B5-6034-117F-9D54920F3E15</sourceEntity>
<targetCardinalityString>*</targetCardinalityString>
<targetEntity>8CC0E3D8-020C-D29B-33E2-6CA37C017C1C</targetEntity>
<transferable>true</transferable>
</Relation>
