<?xml version = '1.0' encoding = 'UTF-8'?>
<Relation class="oracle.dbtools.crest.model.design.logical.Relation" name="EXHIBITION_ART" directorySegmentName="seg_0" id="64E4B4DF-BEE2-121F-9077-36BF3024B8F2">
<createdBy>jure0001</createdBy>
<createdTime>2020-05-09 12:02:48 UTC</createdTime>
<ownerDesignName>mau_oraclemodel</ownerDesignName>
<engineerTo>
<item key="6D8EAEAF-4826-975C-F214-55ED56345F7C" value="true"/>
</engineerTo>
<sourcePk>DEB6D8ED-4488-4011-E1F7-CF7AD9A2BF1E</sourcePk>
<targetPk>2F7769FC-DED9-40A2-77DD-7E226B2D0B6D</targetPk>
<dominantRole>8CC0E3D8-020C-D29B-33E2-6CA37C017C1C</dominantRole>
<identifying>false</identifying>
<nameOnSource>showcases</nameOnSource>
<optionalSource>false</optionalSource>
<optionalTarget>false</optionalTarget>
<sourceCardinality>1</sourceCardinality>
<sourceEntity>7A19E87C-3363-3C9D-6F9F-CA2A5B3C3E10</sourceEntity>
<targetCardinalityString>1</targetCardinalityString>
<targetEntity>8CC0E3D8-020C-D29B-33E2-6CA37C017C1C</targetEntity>
<transferable>true</transferable>
<deleteRule>NO ACTION</deleteRule>
</Relation>
