<?xml version = '1.0' encoding = 'UTF-8'?>
<Relation class="oracle.dbtools.crest.model.design.logical.Relation" name="GALLERY_EXHIBITION" directorySegmentName="seg_0" id="87515F89-BD9F-8A15-C29D-725A2300AB29">
<createdBy>jure0001</createdBy>
<createdTime>2020-05-09 12:04:34 UTC</createdTime>
<ownerDesignName>mau_oraclemodel</ownerDesignName>
<engineerTo>
<item key="6D8EAEAF-4826-975C-F214-55ED56345F7C" value="true"/>
</engineerTo>
<sourcePk>D710936C-A725-C128-B8A7-7A009248F2B3</sourcePk>
<identifying>false</identifying>
<nameOnSource>conducts</nameOnSource>
<optionalSource>true</optionalSource>
<optionalTarget>false</optionalTarget>
<sourceCardinality>1</sourceCardinality>
<sourceEntity>55FAFE55-2283-1C6F-4CE9-32D8219025AF</sourceEntity>
<targetCardinalityString>*</targetCardinalityString>
<targetEntity>7A19E87C-3363-3C9D-6F9F-CA2A5B3C3E10</targetEntity>
<transferable>true</transferable>
<deleteRule>NO ACTION</deleteRule>
</Relation>
