<?xml version = '1.0' encoding = 'UTF-8'?>
<Relation class="oracle.dbtools.crest.model.design.logical.Relation" name="GALLERY_STATUS" directorySegmentName="seg_0" id="9DF1D6D5-9261-9D5E-0225-DF7072FAAF90">
<createdBy>jure0001</createdBy>
<createdTime>2020-05-09 10:44:34 UTC</createdTime>
<ownerDesignName>mau_oraclemodel</ownerDesignName>
<engineerTo>
<item key="6D8EAEAF-4826-975C-F214-55ED56345F7C" value="true"/>
</engineerTo>
<sourcePk>7EBF88BE-2812-2148-14D2-F920010DFD58</sourcePk>
<targetPk>D710936C-A725-C128-B8A7-7A009248F2B3</targetPk>
<identifying>false</identifying>
<nameOnSource>projects</nameOnSource>
<optionalSource>true</optionalSource>
<optionalTarget>true</optionalTarget>
<sourceCardinality>*</sourceCardinality>
<sourceEntity>406C5DAB-BA27-CA9C-A3F0-3F95DD1C1071</sourceEntity>
<targetCardinalityString>1</targetCardinalityString>
<targetEntity>55FAFE55-2283-1C6F-4CE9-32D8219025AF</targetEntity>
<transferable>true</transferable>
<deleteRule>NO ACTION</deleteRule>
</Relation>
