<?xml version = '1.0' encoding = 'UTF-8'?>
<Relation class="oracle.dbtools.crest.model.design.logical.Relation" name="ART_STATUS" directorySegmentName="seg_0" id="B00EA53A-6C6D-5B91-ADA7-86096E44277F">
<createdBy>jure0001</createdBy>
<createdTime>2020-05-09 10:54:03 UTC</createdTime>
<ownerDesignName>mau_oraclemodel</ownerDesignName>
<engineerTo>
<item key="6D8EAEAF-4826-975C-F214-55ED56345F7C" value="true"/>
</engineerTo>
<sourcePk>2F7769FC-DED9-40A2-77DD-7E226B2D0B6D</sourcePk>
<identifying>true</identifying>
<nameOnSource>tracks</nameOnSource>
<optionalSource>true</optionalSource>
<optionalTarget>false</optionalTarget>
<sourceCardinality>1</sourceCardinality>
<sourceEntity>8CC0E3D8-020C-D29B-33E2-6CA37C017C1C</sourceEntity>
<targetCardinalityString>*</targetCardinalityString>
<targetEntity>406C5DAB-BA27-CA9C-A3F0-3F95DD1C1071</targetEntity>
<transferable>true</transferable>
<deleteRule>NO ACTION</deleteRule>
</Relation>
