<?xml version = '1.0' encoding = 'UTF-8'?>
<Relation class="oracle.dbtools.crest.model.design.logical.Relation" name="ARTIST_ART" directorySegmentName="seg_0" id="D7C63244-080A-AE16-606F-E74BAF600022">
<createdBy>jure0001</createdBy>
<createdTime>2020-05-09 10:50:58 UTC</createdTime>
<ownerDesignName>mau_oraclemodel</ownerDesignName>
<engineerTo>
<item key="6D8EAEAF-4826-975C-F214-55ED56345F7C" value="true"/>
</engineerTo>
<sourcePk>2F7769FC-DED9-40A2-77DD-7E226B2D0B6D</sourcePk>
<targetPk>A7B4B0F5-0644-54B6-FD96-61421AD929B6</targetPk>
<identifying>true</identifying>
<nameOnSource>produces</nameOnSource>
<optionalSource>false</optionalSource>
<optionalTarget>true</optionalTarget>
<sourceCardinality>*</sourceCardinality>
<sourceEntity>8CC0E3D8-020C-D29B-33E2-6CA37C017C1C</sourceEntity>
<targetCardinalityString>1</targetCardinalityString>
<targetEntity>BBEEC921-42AA-ED5D-4B2C-859B348CE2CE</targetEntity>
<transferable>true</transferable>
</Relation>
